弹幕出现时间,弹幕格式,弹幕字体,弹幕颜色,弹幕时间戳,弹幕池,用户ID,rowID,弹幕信息
4.11100,1,25,16777215,Wed Jul 22 18:07:03 2020,0,40877295,35793271980556295,二本
10.82800,1,25,16777215,Wed Jul 22 18:09:43 2020,0,a961c65c,35793355674746887,妈妈爱你
20.90600,1,25,16777215,Wed Jul 22 18:09:53 2020,0,a961c65c,35793360966909955,杨超越加油
26.73100,1,25,16777215,Wed Jul 22 18:09:58 2020,0,a961c65c,35793364013547523,多发点
34.87400,1,25,16777215,Wed Jul 22 18:10:07 2020,0,a961c65c,35793368291213317,等到你
41.57500,1,25,16777215,Wed Jul 22 18:10:13 2020,0,a961c65c,35793371805515779,超超越越
45.81000,1,25,16777215,Wed Jul 22 18:10:17 2020,0,a961c65c,35793374012243975,妹妹加油
51.24200,1,25,16777215,Wed Jul 22 18:10:23 2020,0,a961c65c,35793376876953605,无敌可爱
55.72800,1,25,16777215,Wed Jul 22 18:10:27 2020,0,a961c65c,35793379230482437,超可爱
4.60600,1,25,16777215,Wed Jul 22 18:10:43 2020,0,a961c65c,35793387465998339,支持
6.42000,1,25,16777215,Wed Jul 22 18:10:47 2020,0,cb488cc1,35793389459865605,清华大学
38.73900,1,25,16777215,Wed Jul 22 18:10:57 2020,0,e766d4d,35793394544410629,加油
27.40800,1,25,16777215,Wed Jul 22 18:11:08 2020,0,a961c65c,35793400427970567,越崽真可爱
50.48100,1,25,16777215,Wed Jul 22 18:11:15 2020,0,94d98ce,35793404264710151,高考550++++
38.76700,1,25,16777215,Wed Jul 22 18:11:19 2020,0,a961c65c,35793406486118405,爱你
43.46100,1,25,16777215,Wed Jul 22 18:11:24 2020,0,a961c65c,35793408943456261,加油
24.54500,1,25,16777215,Wed Jul 22 18:11:26 2020,0,10ad021f,35793409971060743,欢迎欢迎
25.09900,1,25,16777215,Wed Jul 22 18:11:34 2020,0,b155d80,35793414105071619,高考450
11.82300,1,25,16777215,Wed Jul 22 18:11:35 2020,0,f3cbc5d7,35793414454771717,每天一遍
8.23900,1,25,16777215,Wed Jul 22 18:11:57 2020,0,f90604b7,35793426354012163,我也来啦
0.00000,1,25,16777215,Wed Jul 22 18:12:34 2020,0,25f0bd9c,35793445640994821,保佑我 这次考试不要流动出去
8.92900,1,25,16777215,Wed Jul 22 18:12:44 2020,0,25f0bd9c,35793451003936773,冲啊啊啊啊啊啊啊啊
15.60600,1,25,16777215,Wed Jul 22 18:12:51 2020,0,25f0bd9c,35793454499364867,祈福祈福
8.83600,1,25,16777215,Wed Jul 22 18:13:05 2020,0,457cdd07,35793461883437059,中科大应用统计考研上岸。400+
29.88100,1,25,16777215,Wed Jul 22 18:13:09 2020,0,d827701d,35793463978491907,高考过本科线
36.47000,1,25,16777215,Wed Jul 22 18:13:12 2020,0,25f0bd9c,35793465428672519,超越附体！
46.67300,1,25,16777215,Wed Jul 22 18:13:22 2020,0,25f0bd9c,35793470774312967,保佑我啊啊啊啊啊啊
13.94900,1,25,16777215,Wed Jul 22 18:13:57 2020,0,d827701d,35793489281679367,借我点运气高考过本科线
30.12200,1,25,16777215,Wed Jul 22 18:14:03 2020,0,865aabd9,35793492196196359,法考必过
27.01000,1,25,16707842,Wed Jul 22 18:14:08 2020,0,cd42fe88,35793494829170693,许愿考试过过过
52.01100,1,25,16777215,Wed Jul 22 18:15:12 2020,0,ca3b02,35793528186994691,中考上520！
1.63300,1,25,16777215,Wed Jul 22 18:15:26 2020,0,25a887cc,35793535901892615,吸吸吸，姐姐保佑
13.95900,1,25,16777215,Wed Jul 22 18:16:34 2020,0,23a0e3aa,35793571529359367,超越女神 保佑重庆大学录我录我好不好
49.06500,1,25,16777215,Wed Jul 22 18:16:43 2020,0,5ce84327,35793576365391879,希望毕设能过答辩顺利
34.62000,1,25,16777215,Wed Jul 22 18:17:10 2020,0,ed658e91,35793590434660359,高考650+
40.38000,1,25,16777215,Wed Jul 22 18:17:26 2020,0,ed658e91,35793598538579975,吸吸吸吸吸吸
38.76600,1,25,16777215,Wed Jul 22 18:18:46 2020,0,c5672ce4,35793640462221315,8月找到一份好工作
22.06000,1,25,16777215,Wed Jul 22 18:19:10 2020,0,e6041252,35793653051424771,高考500分
60.73300,1,25,16777215,Wed Jul 22 18:19:15 2020,0,c5672ce4,35793655756750851,8月份找到一份好工作
42.23900,1,25,16777215,Wed Jul 22 18:19:38 2020,0,e6041252,35793667805413443,吸吸吸吸吸吸吸吸吸欧气
39.03500,1,25,16777215,Wed Jul 22 18:20:10 2020,0,73f6548f,35793684731527171,高考360+
0.53900,1,25,16777215,Wed Jul 22 18:20:24 2020,0,c8be6398,35793692070510599,吸吸吸吸吸吸吸吸吸
20.86900,1,25,16777215,Wed Jul 22 18:20:39 2020,0,cf2e57be,35793699875061765,欢迎妹妹
4.76600,1,25,16777215,Wed Jul 22 18:23:53 2020,0,c5672ce4,35793801416015875,8月份找到一份好工作
20.04700,1,25,16777215,Wed Jul 22 18:24:08 2020,0,c5672ce4,35793809428709379,2020年8月份找到一份好工作
21.09900,1,25,16777215,Wed Jul 22 18:25:35 2020,0,111b02e2,35793854835195911,吸一吸超越欧气！
48.74000,5,25,15138834,Wed Jul 22 18:25:49 2020,0,a058f9e4,35793862648659973,吸吸吸
15.71100,1,25,16777215,Wed Jul 22 18:26:06 2020,0,a029cd7c,35793871067676679,考进全班前25名！！！
27.28100,1,25,16777215,Wed Jul 22 18:26:11 2020,0,771d2a14,35793873758846981,向阳而生  超越一切！！！！
33.49800,1,25,16777215,Wed Jul 22 18:27:11 2020,0,2c33d979,35793905225564163,论文顺利通过
36.13800,1,25,16777215,Wed Jul 22 18:27:27 2020,0,2c33d979,35793913876316163,姐保佑我论文顺利通过
46.57900,1,25,16777215,Wed Jul 22 18:27:35 2020,0,d125f74e,35793917893410819,高考620
39.57800,1,25,16777215,Wed Jul 22 18:27:39 2020,0,2c33d979,35793919926075397,姐保佑我论文顺利
2.41600,1,25,12870112,Wed Jul 22 18:27:40 2020,0,50b69396,35793920607649795,向前向前，冲啊！！！
57.33900,1,25,16777215,Wed Jul 22 18:27:53 2020,0,d125f74e,35793927186939907,高考630
30.64100,1,25,16777215,Wed Jul 22 18:28:01 2020,0,34ec5d43,35793931644436485,鬼畜
25.32100,1,25,16777215,Wed Jul 22 18:28:14 2020,0,cf0c1f31,35793938651545607,一年内找到满意的工作！！！
43.78500,1,25,12870112,Wed Jul 22 18:28:21 2020,0,50b69396,35793942298492931,超越超越，一起加油！
28.71700,1,25,16777215,Wed Jul 22 18:29:31 2020,0,7fc6b431,35793979052130307,一本一本一本一本一本
45.94400,1,25,16777215,Wed Jul 22 18:29:49 2020,0,7fc6b431,35793988071456775,500+
55.55200,1,25,16777215,Wed Jul 22 18:29:58 2020,0,7fc6b431,35793993109864451,一本一本一本一本
26.30000,1,25,16777215,Wed Jul 22 18:30:10 2020,0,f5c5fa0b,35793999485206531,妈妈来啦
46.23500,1,25,16777215,Wed Jul 22 18:30:27 2020,0,57f27ea4,35794008297439235,高考400＋
50.94000,1,25,16777215,Wed Jul 22 18:30:52 2020,0,57f27ea4,35794021390483463,上本科，上本科
21.11700,1,25,16777215,Wed Jul 22 18:30:59 2020,0,b46f92fe,35794024714993667,锦鲤
2.57000,1,25,16777215,Wed Jul 22 18:31:46 2020,0,d097d9b8,35794049777008645,高考520+保佑
21.18000,1,25,16777215,Wed Jul 22 18:31:55 2020,0,c3f8bb57,35794054414860295,逢考必过
59.03000,1,25,16777215,Wed Jul 22 18:32:00 2020,0,c5672ce4,35794056667725831,2020年8月份找到一份好工作
13.73700,1,25,16777215,Wed Jul 22 18:32:15 2020,0,ffff8ce1,35794064802578437,我来了
28.30900,1,25,16777215,Wed Jul 22 18:33:28 2020,0,a316d202,35794103133274115,超越超越
15.56700,1,25,16777215,Wed Jul 22 18:35:26 2020,0,f0439a76,35794164991918085,吸吸吸吸
15.52700,1,25,16777215,Wed Jul 22 18:36:37 2020,0,e7634c06,35794202296582151,真来了
35.12500,1,25,16777215,Wed Jul 22 18:36:46 2020,0,7022a152,35794206838489093,科目三考试通过
7.06000,1,25,16777215,Wed Jul 22 18:39:22 2020,0,da80538e,35794288621649925,马上出成绩
33.09800,1,25,16777215,Wed Jul 22 18:39:28 2020,0,75e72d6f,35794291632635975,老婆
26.90500,1,25,16777215,Wed Jul 22 18:40:24 2020,0,c192a01b,35794321023172615,喜欢杨超越
26.41000,1,25,16777215,Wed Jul 22 18:40:34 2020,0,69250e51,35794326466330631,中考上六中谢谢
17.52200,1,25,16777215,Wed Jul 22 18:42:23 2020,0,902257eb,35794383622635525,许愿军神耳环
5.22500,1,25,16777215,Wed Jul 22 18:44:14 2020,0,4a71432e,35794441522905091,啊啊啊，我来了
11.92100,1,25,16777215,Wed Jul 22 18:44:26 2020,0,4a71432e,35794448041902087,好好看呀
14.56400,1,25,16646914,Wed Jul 22 18:44:38 2020,0,375f5af,35794454208053253,她超级好看的！！！！！！
44.93500,1,25,16777215,Wed Jul 22 18:46:59 2020,0,5a32b9ce,35794528340803591,加油加油
26.18000,5,25,16646914,Wed Jul 22 18:47:30 2020,0,24c6cdc,35794544374579203,老婆
38.75400,1,25,16777215,Wed Jul 22 18:50:14 2020,0,68de4107,35794630668189699,高考440+
42.73900,1,25,16777215,Wed Jul 22 18:51:22 2020,0,e9e2b656,35794666244276227,超过480
15.10000,5,25,15772458,Wed Jul 22 18:53:13 2020,0,55209aa2,35794724377329671,高考上600
9.54400,1,25,16777215,Wed Jul 22 18:53:24 2020,0,41018cca,35794729928491013,我也来了
23.66000,5,25,15772458,Wed Jul 22 18:53:28 2020,0,55209aa2,35794732424101893,高考上600
49.95900,1,25,16777215,Wed Jul 22 18:53:38 2020,0,ba882d46,35794737290018819,发财
43.62200,1,25,16777215,Wed Jul 22 18:53:49 2020,0,9c50fe47,35794743064002563,高考700+
48.49100,1,25,16777215,Wed Jul 22 18:54:20 2020,0,45a349bb,35794759261880325,超越保佑我考好点
13.29900,1,25,16777215,Wed Jul 22 18:55:06 2020,0,11a9cc59,35794783816908803,一中一中
14.49900,1,25,16777215,Wed Jul 22 18:57:01 2020,0,c57b2623,35794843872002055,终于来了
29.50500,1,25,16777215,Wed Jul 22 18:57:06 2020,0,7e03f5c6,35794846356602885,高考上500
18.63000,1,25,16777215,Wed Jul 22 18:57:19 2020,0,a6826f1a,35794853378392067,啊啊啊啊啊啊啊啊啊啊啊她来了她来了
37.17300,1,25,16777215,Wed Jul 22 18:57:26 2020,0,55775f04,35794857166372869,欢迎超越 执医过过过
61.00000,1,25,16777215,Wed Jul 22 18:57:36 2020,0,3b4b8073,35794862087864323,火钳刘明
59.98600,1,25,16777215,Wed Jul 22 18:57:36 2020,0,7e03f5c6,35794862392999943,想上理想大学
35.69400,1,25,16777215,Wed Jul 22 18:57:56 2020,0,9df95da8,35794872911790083,求600
44.67200,1,25,16777215,Wed Jul 22 18:58:14 2020,0,2e7ffa36,35794882328002565,语文110+
60.46900,1,25,16777215,Wed Jul 22 18:58:30 2020,0,2e7ffa36,35794890654744583,高考630+
7.77800,1,25,16777215,Wed Jul 22 18:58:31 2020,0,888aebb2,35794891095670791,吸吸欧气
26.50800,1,25,16777215,Wed Jul 22 18:58:33 2020,0,68b76a79,35794892130615301,中考660+
12.06700,1,25,16777215,Wed Jul 22 18:58:53 2020,0,845e3ad1,35794902679814147,超越加油
52.29000,1,25,16777215,Wed Jul 22 18:59:56 2020,0,5739d90,35794935346626563,高考500+
4.99600,1,25,16777215,Wed Jul 22 19:00:25 2020,0,4f3ac1f9,35794950902775811,超超越越
35.04100,1,25,16777215,Wed Jul 22 19:00:47 2020,0,845e3ad1,35794962439733255,超越多发发视频
25.16800,1,25,16777215,Wed Jul 22 19:00:50 2020,0,36486094,35794963894632451,超越妹妹我要抱走
33.98800,1,25,16777215,Wed Jul 22 19:01:21 2020,0,3c67aec8,35794980400791559,高考上600
21.45300,1,25,16777215,Wed Jul 22 19:02:59 2020,0,6c8167ab,35795031768432647,锦鲤保佑！
30.57300,1,25,16777215,Wed Jul 22 19:03:09 2020,0,6c8167ab,35795036565143557,上岸
12.98200,1,25,16777215,Wed Jul 22 19:04:22 2020,0,6ebd504f,35795075005415429,超越妹妹！！！
14.52300,1,25,16777215,Wed Jul 22 19:04:23 2020,0,c074d64f,35795075743612931,来了
22.51500,1,25,16777215,Wed Jul 22 19:04:32 2020,0,c074d64f,35795080117747715,超越
9.24700,1,25,16777215,Wed Jul 22 19:04:41 2020,0,966a6d2b,35795084882477059,超超越越冲鸭
15.23100,1,25,16777215,Wed Jul 22 19:04:47 2020,0,966a6d2b,35795088028205061,超超越越
23.91900,1,25,16777215,Wed Jul 22 19:04:55 2020,0,966a6d2b,35795092580073475,超超越越超超越越超超越越超超越越超超越越超超越越
60.73600,1,25,16777215,Wed Jul 22 19:05:38 2020,0,966a6d2b,35795115126554629,超超越越
10.30100,1,25,16777215,Wed Jul 22 19:06:25 2020,0,8fbeae9b,35795139683156037,高考450＋
41.90000,1,25,16777215,Wed Jul 22 19:06:51 2020,0,7580ddb1,35795153132716037,上一本！！！！！！！
48.10500,1,25,16777215,Wed Jul 22 19:08:18 2020,0,f6ec4bb3,35795198918787075,女朋友
21.95200,1,25,16777215,Wed Jul 22 19:09:11 2020,0,4059b7d9,35795226470121477,让我预言成真
8.13400,1,25,16777215,Wed Jul 22 19:10:08 2020,0,e7059d8f,35795256266981381,拜一拜
28.36400,1,25,16777215,Wed Jul 22 19:10:28 2020,0,e7059d8f,35795266874376195,高考560
32.73800,1,25,16777215,Wed Jul 22 19:10:41 2020,0,f3da4515,35795273883582467,超越妹妹，冲鸭！
34.17200,1,25,16777215,Wed Jul 22 19:11:02 2020,0,4e78b17,35795284539211781,保佑
18.23500,1,25,16777215,Wed Jul 22 19:11:14 2020,0,2cb93451,35795290897252359,高考400
0.84000,4,25,15138834,Wed Jul 22 19:11:16 2020,0,3eaa3103,35795292362637315,浙大等我上你！
3.34000,5,25,6830715,Wed Jul 22 19:12:17 2020,0,882d8044,35795324057944067,投币许愿
13.94800,1,25,16777215,Wed Jul 22 19:12:52 2020,0,95fbe101,35795342295826437,高考上岸
17.14900,1,25,16777215,Wed Jul 22 19:13:07 2020,0,14ca6c5f,35795350252945411,中考成绩理想！
15.50800,1,25,16777215,Wed Jul 22 19:13:14 2020,0,462dd1eb,35795353967525895,科三过啊啊啊啊
57.48400,1,25,16777215,Wed Jul 22 19:13:32 2020,0,9b24de38,35795363327639559,杨超越加油
4.68400,1,25,13369971,Wed Jul 22 19:13:49 2020,0,249005c7,35795372206981127,超越一切 守护妹妹
14.70000,1,25,16777215,Wed Jul 22 19:14:17 2020,0,b7cf7bbc,35795387178024967,啊哈
21.89500,1,25,16777215,Wed Jul 22 19:14:24 2020,0,b7cf7bbc,35795390954995715,越来越幸运
54.23300,1,25,16777215,Wed Jul 22 19:15:08 2020,0,9b24de38,35795413914091523,心善人美杨超越
1.73500,1,25,16777215,Wed Jul 22 19:15:37 2020,0,9b24de38,35795428905058307,祝超越妹妹越来越好！！！
5.21200,1,25,16777215,Wed Jul 22 19:16:28 2020,0,36dc74a0,35795455507955719,卧槽
57.65500,1,25,16777215,Wed Jul 22 19:16:33 2020,0,9b24de38,35795458374238213,超越，越来越好！
45.29700,1,25,16777215,Wed Jul 22 19:17:43 2020,0,9b24de38,35795494922354691,祝大家健康快乐 
28.76400,1,25,16777215,Wed Jul 22 19:18:39 2020,0,a015e3b5,35795524431380487,妹妹好美
17.59600,1,25,16777215,Wed Jul 22 19:18:49 2020,0,7cabaebb,35795529529032711,超越妹妹！！！
14.09500,1,25,16777215,Wed Jul 22 19:19:06 2020,0,f70add0c,35795538643779653,高考考上理想大学！
41.59500,1,25,16777215,Wed Jul 22 19:19:13 2020,0,7cabaebb,35795542125051911,冲鸭
51.32300,1,25,16777215,Wed Jul 22 19:19:25 2020,0,7cabaebb,35795548690710531,超越妹妹
54.23700,1,25,16777215,Wed Jul 22 19:19:34 2020,0,7cabaebb,35795552998260741,姐姐爱你
20.36000,1,25,16777215,Wed Jul 22 19:20:09 2020,0,2c2483f,35795571401293829,高考上600
20.87900,1,25,41194,Wed Jul 22 19:20:16 2020,0,2806e1c8,35795575258480643,高考520！！！冲冲冲！！！
0.58200,1,25,16777215,Wed Jul 22 19:20:39 2020,0,9b24de38,35795587248422915,上次许愿灵验，谢谢超越妹妹！
26.98900,1,25,16777215,Wed Jul 22 19:21:41 2020,0,e9bce9ef,35795619826630659,保佑我的500分！锦鲤姐
29.49200,1,25,16777215,Wed Jul 22 19:22:43 2020,0,e3d6f768,35795652117528581,弹幕好多呀
33.77100,1,25,16777215,Wed Jul 22 19:22:47 2020,0,e3d6f768,35795654404997123,加油
49.61700,1,25,16777215,Wed Jul 22 19:23:02 2020,0,e3d6f768,35795662394097671,好瘦呀
34.89100,1,25,16777215,Wed Jul 22 19:24:39 2020,0,cb9fa72d,35795713038745607,鬼畜hhhh
38.59900,1,25,16777215,Wed Jul 22 19:24:46 2020,0,5a6990ba,35795716707188741,心想事成
60.73600,1,25,16777215,Wed Jul 22 19:25:15 2020,0,76447492,35795732226113543,Up up
50.16700,1,25,16777215,Wed Jul 22 19:25:56 2020,0,ac7f9afb,35795753668444163,我2020高考630！！！
55.76600,1,25,16777215,Wed Jul 22 19:26:48 2020,0,9e7a8c91,35795780617371653,超越姐姐保佑我！！！！吸吸吸！！
33.85500,1,25,16777215,Wed Jul 22 19:27:02 2020,0,2779f6b9,35795788266733573,祝我考上理想大学
18.76600,1,25,16777215,Wed Jul 22 19:27:05 2020,0,c201d739,35795789577977863,妹妹好
26.50600,5,25,16777215,Wed Jul 22 19:27:47 2020,0,8d6bc6c2,35795811838197763,优秀的鬼畜
5.46000,1,25,16777215,Wed Jul 22 19:27:58 2020,0,84c207cd,35795817547169795,高考666
7.82600,1,25,16777215,Wed Jul 22 19:28:46 2020,0,1eb29939,35795842601844739,希望自己运气爆棚保研浙大
27.22800,1,25,16777215,Wed Jul 22 19:28:46 2020,0,3563b475,35795842845114371,顺利考上公务员！！！
58.78000,1,25,16777215,Wed Jul 22 19:29:03 2020,0,84c207cd,35795851361648645,高考666吸吸欧气
24.06400,1,25,16777215,Wed Jul 22 19:29:26 2020,0,1eb29939,35795863774167109,浙大控制收了我吧
26.06400,1,25,16777215,Wed Jul 22 19:29:42 2020,0,1eb29939,35795871911116807,浙大控制学院收了我吧
9.68700,1,25,16777215,Wed Jul 22 19:29:49 2020,0,7ba01fdb,35795875772497927,超越妹妹
36.54300,1,25,16777215,Wed Jul 22 19:29:52 2020,0,a6dbdfd3,35795877278777347,高考500+!，超越帮我!
22.26000,1,25,16777215,Wed Jul 22 19:30:02 2020,0,7ba01fdb,35795882354409475,哥哥粉又来了
38.00700,1,25,16777215,Wed Jul 22 19:30:08 2020,0,a441852e,35795885834108931,吸，上岸
30.83900,1,25,16777215,Wed Jul 22 19:30:20 2020,0,1c60cb5c,35795892061077511,吸欧气
50.86400,1,25,16777215,Wed Jul 22 19:30:46 2020,0,1eb29939,35795905358069767,超越超越给我些幸运值，浙大冲啊
1.63100,5,25,16646914,Wed Jul 22 19:31:16 2020,0,cb733f1c,35795921354096645,祝我中考上岸
38.84100,5,25,16646914,Wed Jul 22 19:31:53 2020,0,cb733f1c,35795940892737607,中考490+
49.70300,1,25,16777215,Wed Jul 22 19:32:00 2020,0,ad288077,35795944301133829,发一条然后就失踪，有意思不
15.92200,1,25,16777215,Wed Jul 22 19:32:39 2020,0,76372536,35795964818096133,宝贝爱你
26.45600,1,25,16777215,Wed Jul 22 19:33:00 2020,0,7e5d443f,35795975686586371,高考上450
38.93200,1,25,16777215,Wed Jul 22 19:33:12 2020,0,7e5d443f,35795982177271815,高考450
12.66200,1,25,16777215,Wed Jul 22 19:33:36 2020,0,6a6c5926,35795994653753349,科目二稳过
2.96400,1,25,16777215,Wed Jul 22 19:34:46 2020,0,b701e63f,35796031154159623,宝贝来了
14.41900,1,25,16777215,Wed Jul 22 19:34:48 2020,0,c692e5d8,35796032583892999,高考成绩保佑！！！
17.14000,1,25,15138834,Wed Jul 22 19:34:52 2020,0,6e85b190,35796034526904327,高考550
48.75900,5,25,15138834,Wed Jul 22 19:34:53 2020,0,9086239f,35796034867691525,高考620
13.72200,1,25,16777215,Wed Jul 22 19:35:42 2020,0,2e2c89ee,35796060521103365,保佑我考上理想的大学
6.92400,1,25,16777215,Wed Jul 22 19:36:14 2020,0,4fb2011e,35796077409468423,成功上岸！！！！
40.91600,1,25,15138834,Wed Jul 22 19:36:48 2020,0,4fb2011e,35796095223201799,希望自己成功上岸！！！！！
45.53900,1,25,16777215,Wed Jul 22 19:38:18 2020,0,1eb177ad,35796142699577349,中考600+
0.79100,1,25,16777215,Wed Jul 22 19:38:41 2020,0,13a6cc05,35796154594099203,cccccccccccccccc
19.03100,1,25,16777215,Wed Jul 22 19:38:53 2020,0,4ce4dadd,35796161122533383,高考成绩580
15.94400,1,25,16777215,Wed Jul 22 19:39:46 2020,0,8cfb72ee,35796188625633287,中考顺利！一中一中！！！
16.16700,1,25,16777215,Wed Jul 22 19:39:58 2020,0,442fc8da,35796194949595141,北京外国语大学
59.00700,1,25,16777215,Wed Jul 22 19:40:09 2020,0,29bde43a,35796200684781571,超越一切加油
21.17700,1,25,16777215,Wed Jul 22 19:41:03 2020,0,1baffb4,35796229241176067,考上高中！
16.69800,1,25,16777215,Wed Jul 22 19:42:28 2020,0,f1c1c036,35796273418207237,清华
0.67900,1,25,16777215,Wed Jul 22 19:42:50 2020,0,2295efc9,35796285233561605,长按大拇指，一键三连
45.71200,1,25,16777215,Wed Jul 22 19:43:33 2020,0,5bd95e80,35796307614892037,鬼畜区欢迎您
59.16000,1,25,16777215,Wed Jul 22 19:43:46 2020,0,433ede1b,35796314409664519,考研上岸！
3.75900,1,25,16777215,Wed Jul 22 19:44:32 2020,0,f4d728a4,35796338876612615,超越妈妈爱你
12.55200,1,25,16777215,Wed Jul 22 19:44:43 2020,0,6ce8b3d,35796344180834307,超越啊
18.23900,1,25,16777215,Wed Jul 22 19:44:48 2020,0,6ce8b3d,35796347195490311,宝贝
36.16000,1,25,16777215,Wed Jul 22 19:44:54 2020,0,f4c6d319,35796350295605255,高考560十
43.80000,1,25,16777215,Wed Jul 22 19:45:19 2020,0,f4d728a4,35796363214061571,欢迎大小姐
57.50100,1,25,16777215,Wed Jul 22 19:45:31 2020,0,6ce8b3d,35796369763991559,麻麻爱你
50.05900,1,25,16777215,Wed Jul 22 19:45:37 2020,0,f4d728a4,35796372420034565,小羊好美
57.50100,1,25,16777215,Wed Jul 22 19:45:38 2020,0,6ce8b3d,35796373195456515,要快乐啊！！
23.82800,1,25,16777215,Wed Jul 22 19:46:53 2020,0,b1ca1e1e,35796412367634435,妹妹爱你
15.02400,1,25,16777215,Wed Jul 22 19:46:57 2020,0,6ce8b3d,35796414554439685,妹妹
19.12800,1,25,16777215,Wed Jul 22 19:47:01 2020,0,6ce8b3d,35796416707690501,我来啦
38.07700,1,25,16777215,Wed Jul 22 19:47:07 2020,0,b1ca1e1e,35796419841359879,考上萍中
50.35000,1,25,16777215,Wed Jul 22 19:47:32 2020,0,6ce8b3d,35796433117380615,超超越越
53.44100,1,25,16777215,Wed Jul 22 19:47:45 2020,0,6ce8b3d,35796439630086149,杨超越和她的朋友们
19.52100,1,25,16777215,Wed Jul 22 19:47:54 2020,0,21281365,35796444592996357,那是就有转发比点赞多了
21.90000,1,25,16777215,Wed Jul 22 19:51:42 2020,0,4221198f,35796564141146115,高考480
18.78500,1,25,16777215,Wed Jul 22 19:51:44 2020,0,7a5b587,35796565334425603,超超越越！！！
17.86600,1,25,16777215,Wed Jul 22 19:51:53 2020,0,114a462,35796569596887043,啊啊啊啊啊高考成绩up
44.08500,1,25,16777215,Wed Jul 22 19:52:55 2020,0,b9f562b8,35796602037207045,上零班！！
3.56100,1,25,16777215,Wed Jul 22 19:53:01 2020,0,55482925,35796605653745669,高考600加
35.24100,1,25,16777215,Wed Jul 22 19:53:42 2020,0,55482925,35796626988072967,高考必胜
42.62600,1,25,16777215,Wed Jul 22 19:53:57 2020,0,f141c21,35796634903773189,高考成绩顺利得偿所愿
58.66200,1,25,16777215,Wed Jul 22 19:54:13 2020,0,f141c21,35796643298672647,愿我得偿所愿
24.70600,1,25,16777215,Wed Jul 22 19:54:18 2020,0,c11e2109,35796645970444293,高考上六百!
29.65300,1,25,16777215,Wed Jul 22 19:54:42 2020,0,45f08c10,35796658498830343,一中一中！！！！
54.22700,1,25,16777215,Wed Jul 22 19:54:48 2020,0,c11e2109,35796661489893383,高考600+
27.49100,1,25,16777215,Wed Jul 22 19:55:26 2020,0,c2588629,35796681404448771,530
49.72800,1,25,16777215,Wed Jul 22 19:58:26 2020,0,55ab8503,35796775634731011,吸吸吸
5.44000,1,25,16777215,Wed Jul 22 19:59:35 2020,0,a961c65c,35796811791204421,哇超越妹妹
14.96200,1,25,16777215,Wed Jul 22 19:59:50 2020,0,f8928fee,35796820129480709,能不能多投几次币
48.89600,1,25,16777215,Wed Jul 22 20:00:20 2020,0,698e77d6,35796835465953285,小哥哥也喜欢我
18.26000,1,25,16777215,Wed Jul 22 20:00:30 2020,0,a733450f,35796840707784711,超超越越最可爱
41.30000,1,25,16777215,Wed Jul 22 20:01:12 2020,0,7a03693f,35796863022530567,吸欧气吸欧气
5.25900,1,25,16777215,Wed Jul 22 20:01:57 2020,0,fd97aad3,35796886440378375,期末大爆发
58.75600,1,25,16777215,Wed Jul 22 20:02:09 2020,0,1ac0a559,35796893018619911,二本
10.12000,1,25,16777215,Wed Jul 22 20:03:17 2020,0,d3791c81,35796928549617671,真好看呀长的
16.24500,1,25,16777215,Wed Jul 22 20:03:19 2020,0,49e0fc8b,35796929598193667,高考nb
23.98800,1,25,16777215,Wed Jul 22 20:03:27 2020,0,49e0fc8b,35796933646745669,高考加油
20.76300,1,25,16777215,Wed Jul 22 20:04:02 2020,0,296c14c2,35796951998398471,超越妹妹保佑我中考！！！
14.03200,1,25,16777215,Wed Jul 22 20:04:15 2020,0,a8ca34dd,35796958766956551,高考上本哦
15.42500,1,25,16777215,Wed Jul 22 20:05:30 2020,0,db213002,35796997984223235,欢迎~~~
9.85200,1,25,16777215,Wed Jul 22 20:05:54 2020,0,d70f0cac,35797010512084995,吸欧气
16.58300,1,25,16777215,Wed Jul 22 20:06:00 2020,0,d70f0cac,35797014056796165,彩票中奖
5.88500,1,25,16777215,Wed Jul 22 20:06:39 2020,0,d8cfea7d,35797034419093511,和好朋友分到一个班！
17.57300,1,25,16777215,Wed Jul 22 20:06:55 2020,0,bf11b28,35797042721718275,祝我考上！！！！
9.30600,1,25,16777215,Wed Jul 22 20:07:01 2020,0,cb28e372,35797045832843267,冲冲冲
25.41400,1,25,16777215,Wed Jul 22 20:07:17 2020,0,cb28e372,35797054277550087,欢迎欢迎
40.13200,1,25,16777215,Wed Jul 22 20:07:23 2020,0,1367ce24,35797057434812423,来了
36.49500,1,25,16777215,Wed Jul 22 20:07:28 2020,0,cb28e372,35797060074078215,干杯
26.51200,1,25,16777215,Wed Jul 22 20:08:50 2020,0,489568a0,35797102860697603,高考上600
47.52400,1,25,16777215,Wed Jul 22 20:09:46 2020,0,34bd28b7,35797132355043399,600+
60.73600,1,25,16777215,Wed Jul 22 20:10:11 2020,0,e0cbb4ce,35797145659899907,高考希望考559分，加油
10.30500,1,25,16777215,Wed Jul 22 20:10:27 2020,0,f17627a3,35797153798946819,再来一次
24.40100,1,25,16777215,Wed Jul 22 20:10:38 2020,0,ea0f79ce,35797159681458181,吸吸吸
23.78900,1,25,16777215,Wed Jul 22 20:10:40 2020,0,f17627a3,35797160874213381,每天一次
21.90800,1,25,16777215,Wed Jul 22 20:10:48 2020,0,e0cbb4ce,35797164880297991,希望高考考559分，加油
6.40000,1,25,16777215,Wed Jul 22 20:10:53 2020,0,9d471e04,35797167625994247,许愿，诚心许愿
56.47200,1,25,16777215,Wed Jul 22 20:11:13 2020,0,f17627a3,35797177999556611,希望能顺利回家
18.22700,1,25,16777215,Wed Jul 22 20:11:22 2020,0,9efec419,35797182503714819,小羊
53.09900,1,25,16777215,Wed Jul 22 20:12:09 2020,0,83370daf,35797207460347907,高考690+！！！！
52.68000,1,25,16777215,Wed Jul 22 20:12:12 2020,0,149f31fa,35797208724406277,上岸文理
14.66800,1,25,16777215,Wed Jul 22 20:12:14 2020,0,c5b66efa,35797209979551749,超越妹妹
14.25300,1,25,16777215,Wed Jul 22 20:13:49 2020,0,f49a5780,35797259554127875,股票涨停
34.87900,1,25,16777215,Wed Jul 22 20:13:59 2020,0,2a774505,35797265050238979,吸欧气
33.70800,1,25,16777215,Wed Jul 22 20:14:59 2020,0,8a9a29d5,35797296393748485,不用复读
7.65700,1,25,16777215,Wed Jul 22 20:15:08 2020,0,52bfc395,35797300987559939,超越，我来了…
37.98000,1,25,16777215,Wed Jul 22 20:15:54 2020,0,cca20270,35797325517946947,高考出分比估分高
35.02700,1,25,16777215,Wed Jul 22 20:16:23 2020,0,273d8d72,35797340642607111,祝我会考allA
45.91400,1,25,16777215,Wed Jul 22 20:16:39 2020,0,81255c57,35797348682563589,中考666
25.80900,1,25,16777215,Wed Jul 22 20:16:43 2020,0,79725c13,35797351144620037,科三通过
26.35500,1,25,16777215,Wed Jul 22 20:16:49 2020,0,dbc154c9,35797353968435207,985等我
59.68700,1,25,16777215,Wed Jul 22 20:16:53 2020,0,81255c57,35797356057722885,吸吸
35.25200,1,25,16777215,Wed Jul 22 20:17:03 2020,0,86d1c8d4,35797361310564355,高考成绩up！！
10.66700,1,25,16777215,Wed Jul 22 20:17:35 2020,0,1fec1be0,35797378028011523,身体健康
2.49200,1,25,16777215,Wed Jul 22 20:19:36 2020,0,92ab2ea6,35797441788772357,老婆
3.22000,1,25,16777215,Wed Jul 22 20:19:45 2020,0,6a289dd8,35797446276153347,超超越越
31.78600,1,25,16777215,Wed Jul 22 20:20:06 2020,0,53ea573c,35797457462886403,吸吸吸吸620
22.60800,1,25,16777215,Wed Jul 22 20:20:28 2020,0,b731d188,35797468928016387,超超越越!
29.26600,1,25,16777215,Wed Jul 22 20:20:34 2020,0,4f6e9e87,35797472009256965,感觉全村的希望好像胖了……
36.33900,1,25,16777215,Wed Jul 22 20:20:39 2020,0,712973c5,35797474831499267,考上理想大学
47.38100,1,25,16777215,Wed Jul 22 20:20:56 2020,0,f52df139,35797483547787269,我来了，超越
28.07000,1,25,16777215,Wed Jul 22 20:21:13 2020,0,b52642f4,35797492588609543,保我考试过
3.73900,1,25,16777215,Wed Jul 22 20:21:32 2020,0,266d7ebb,35797502466195461,中考570谢谢谢谢
26.22700,1,25,16777215,Wed Jul 22 20:21:33 2020,0,eb5864e8,35797503156158471,本科
34.73200,1,25,16777215,Wed Jul 22 20:21:42 2020,0,eb5864e8,35797507603169283,暴富，健康
33.38300,1,25,16777215,Wed Jul 22 20:21:51 2020,0,7ccb43ba,35797512387297283,上本科
11.24200,1,25,16777215,Wed Jul 22 20:22:36 2020,0,68c88eb5,35797535991791623,老婆！！
8.62000,1,25,16777215,Wed Jul 22 20:22:57 2020,0,245eeb40,35797547082055683,中考666分呐！！拜托
14.89300,1,25,16777215,Wed Jul 22 20:23:13 2020,0,572d560c,35797555439730691,许愿450
58.28000,1,25,16777215,Wed Jul 22 20:23:40 2020,0,140adb54,35797569873379333,高考530+
44.01900,1,25,16777215,Wed Jul 22 20:23:43 2020,0,245eeb40,35797571206643715,24中！！
11.11000,1,25,16777215,Wed Jul 22 20:24:03 2020,0,d4b96cbc,35797581864894471,高考520+
33.96700,1,25,16777215,Wed Jul 22 20:24:07 2020,0,ad5baaaa,35797583711961095,期末保佑俺！！！！！！！！！！！！！！！
8.42500,1,25,16777215,Wed Jul 22 20:24:14 2020,0,77d66924,35797587720142919,求一个705
46.24800,1,25,16777215,Wed Jul 22 20:24:19 2020,0,ad5baaaa,35797590141829123,超越保佑我
45.16600,1,25,16777215,Wed Jul 22 20:24:41 2020,0,9db426a6,35797601847607303,高考550
11.31800,1,25,16777215,Wed Jul 22 20:24:42 2020,0,bfbf7cef,35797601972912135,超超越越
8.37700,1,25,16777215,Wed Jul 22 20:24:42 2020,0,801e0d87,35797602367700999,杨超越生日直播在b站吗？
57.34600,5,25,15138834,Wed Jul 22 20:27:00 2020,0,3eb40719,35797674700570627,超越姐姐我爱你
23.68500,1,25,16777215,Wed Jul 22 20:27:50 2020,0,62814a85,35797700660690949,考上理想高中
51.77200,1,25,16777215,Wed Jul 22 20:31:26 2020,0,8601f812,35797813906898951,许愿的各位，麻烦投币啊，去许愿池还投币呢
37.60800,1,25,16777215,Wed Jul 22 20:31:43 2020,0,efb71c89,35797822918885383,高考一本！
60.73600,1,25,16777215,Wed Jul 22 20:32:07 2020,0,efb71c89,35797835209244675,吸吸吸
58.69400,1,25,16777215,Wed Jul 22 20:32:09 2020,0,7dc6ecc1,35797836378406915,中考400冲冲冲
12.45900,1,25,16777215,Wed Jul 22 20:32:18 2020,0,93c1e411,35797841239080965,650
7.08500,1,25,16777215,Wed Jul 22 20:32:20 2020,0,efb71c89,35797842346901511,吸吸吸
17.70000,1,25,16777215,Wed Jul 22 20:32:32 2020,0,93c1e411,35797848592220163,高考650！
55.43100,1,25,16777215,Wed Jul 22 20:33:59 2020,0,7afd619d,35797894130827271,上重本！
23.78000,1,25,16777215,Wed Jul 22 20:34:09 2020,0,708c890d,35797899159273475,金榜题名
31.93900,1,25,16777215,Wed Jul 22 20:34:30 2020,0,708c890d,35797910270509059,吸吸吸吸
3.09900,1,25,16777215,Wed Jul 22 20:35:04 2020,0,921c3024,35797928119894019,广外plz！！！！
34.92000,1,25,16777215,Wed Jul 22 20:35:09 2020,0,e22abe1d,35797930701488135,瘦到85斤
35.31800,1,25,16777215,Wed Jul 22 20:35:57 2020,0,4a560e03,35797956073357381,高考第一志愿录取
12.37000,1,25,16777215,Wed Jul 22 20:37:04 2020,0,a6408fb5,35797991411417091,期末考500分以上
44.09300,1,25,16777215,Wed Jul 22 20:37:41 2020,0,da80538e,35798010761838599,520+
5.93600,1,25,16777215,Wed Jul 22 20:37:43 2020,0,e42df785,35798011400421383,666
18.29800,1,25,16777215,Wed Jul 22 20:37:44 2020,0,d9372ebf,35798011919466499,B站，我也来了。
17.43400,1,25,16777215,Wed Jul 22 20:37:56 2020,0,ca66083a,35798018490892295,高考350＋
20.97900,1,25,16777215,Wed Jul 22 20:37:57 2020,0,e42df785,35798018732589061,啊啊啊
32.87600,1,25,16777215,Wed Jul 22 20:38:08 2020,0,e42df785,35798024916041731,超越
23.83400,1,25,16777215,Wed Jul 22 20:38:15 2020,0,ca66083a,35798028292980743,希望有个好的成绩，拜托拜托
0.95300,1,25,13346809,Wed Jul 22 20:38:19 2020,0,50b69396,35798030473494533,妹妹加油妹妹加油
4.43000,1,25,16777215,Wed Jul 22 20:38:34 2020,0,cc77c968,35798038202548227,老婆老婆
37.82900,1,25,16777215,Wed Jul 22 20:39:46 2020,0,1810cf0b,35798076299411459,吸欧气吸吸吸
5.50000,1,25,13346809,Wed Jul 22 20:40:07 2020,0,50b69396,35798087172096007,妹妹以后还能听到你给我们唱歌不？
42.18600,1,25,16777215,Wed Jul 22 20:40:23 2020,0,1fcdbb4b,35798095396601863,希望多多更新而不是过一下就完了
28.28700,1,25,16777215,Wed Jul 22 20:40:34 2020,0,666d4682,35798101448982535,中考485
23.95500,1,25,16777215,Wed Jul 22 20:40:41 2020,0,2c9d5b4d,35798104913477637, 吸欧气
18.26000,1,25,16777215,Wed Jul 22 20:41:06 2020,0,6510fd82,35798117866012675,专升本上岸
17.41200,1,25,16777215,Wed Jul 22 20:41:59 2020,0,1978b78b,35798145972043781,杨超越杨超越杨超越
46.43300,1,25,16777215,Wed Jul 22 20:42:13 2020,0,4c8fc8dc,35798153240248325,啊啊啊啊啊啊
54.84700,1,25,16777215,Wed Jul 22 20:42:22 2020,0,4c8fc8dc,35798157663666179,啊啊啊啊啊啊啊啊啊
30.12400,1,25,16777215,Wed Jul 22 20:42:28 2020,0,a090c7b1,35798161264476165,祝我和我的家人身体健康！！
57.87800,1,25,16777215,Wed Jul 22 20:42:48 2020,0,8e99db4d,35798171260026885,保佑一段线
18.69700,1,25,16777215,Wed Jul 22 20:42:49 2020,0,7d630fb9,35798171870822405,吸吸吸吸吸
13.12900,1,25,16777215,Wed Jul 22 20:43:05 2020,0,42b49407,35798180307140615,高考400＋
43.85300,1,25,16777215,Wed Jul 22 20:44:04 2020,0,79890815,35798211454042119,高考550+
6.30000,1,25,16777215,Wed Jul 22 20:45:12 2020,0,78aa9bb7,35798247233552391,高考上理想分数，能上985（虽说目前看不可能）
15.25100,5,25,15138834,Wed Jul 22 20:45:17 2020,0,9ae1518b,35798249550905351,四中录取我
8.59000,1,25,16777215,Wed Jul 22 20:45:36 2020,0,9f0166e5,35798259599409159,上河中！
56.84800,1,25,16777215,Wed Jul 22 20:45:43 2020,0,1a2d2fb1,35798263201792003,中考99999
27.13100,1,25,16777215,Wed Jul 22 20:45:51 2020,0,f6d4dfc1,35798267573829637,高考540
1.73800,1,25,16777215,Wed Jul 22 20:46:03 2020,0,1a2d2fb1,35798273675493381,中考720
44.06300,1,25,16777215,Wed Jul 22 20:46:22 2020,0,73075c24,35798283908022277,过会考过会考过会考
11.97900,1,25,16777215,Wed Jul 22 20:46:25 2020,0,1a2d2fb1,35798285211402245,中考720
28.19900,1,25,16777215,Wed Jul 22 20:47:28 2020,0,33466082,35798318165524483,超过二本线20分！
9.91500,1,25,16777215,Wed Jul 22 20:47:39 2020,0,4ba5c905,35798323849854979,超越超越
13.64600,1,25,16777215,Wed Jul 22 20:47:46 2020,0,f1f51cb0,35798327993827333,中考必过
37.28500,1,25,16777215,Wed Jul 22 20:48:06 2020,0,cd636170,35798338129362951,驾考过过过！
34.16200,1,25,16777215,Wed Jul 22 20:49:44 2020,0,1ed53f72,35798389694660615,超越超越
12.29400,1,25,16777215,Wed Jul 22 20:49:53 2020,0,e98aeea2,35798394208256005,上600
6.72900,1,25,16777215,Wed Jul 22 20:50:57 2020,0,b60b9234,35798427989704711,期末成绩起飞
9.46500,1,25,16777215,Wed Jul 22 20:51:02 2020,0,be05413d,35798430537220101,啊啊啊啊好漂亮
13.96200,1,25,16777215,Wed Jul 22 20:51:20 2020,0,b60b9234,35798439932461061,期末冲呀
37.04200,1,25,16777215,Wed Jul 22 20:51:32 2020,0,96135a7,35798446236499971,630＋
32.11400,4,25,16646914,Wed Jul 22 20:51:37 2020,0,dac6a248,35798448969089029,我的超越宝宝
56.74500,1,25,16777215,Wed Jul 22 20:51:52 2020,0,96135a7,35798456546623493,630
33.95800,4,25,16646914,Wed Jul 22 20:52:21 2020,0,dac6a248,35798471742062599,干杯
40.13300,1,25,16777215,Wed Jul 22 20:52:33 2020,0,30ca5fec,35798478252146695,祝我高考上600
12.81700,1,25,16777215,Wed Jul 22 20:52:44 2020,0,30dca63b,35798484170833923,吸
38.15300,1,25,16777215,Wed Jul 22 20:53:01 2020,0,bc790b38,35798492779118599,高考500
35.95100,1,25,16777215,Wed Jul 22 20:53:21 2020,0,a7990e0b,35798503655997443,心想事成
20.32300,1,25,16777215,Wed Jul 22 20:53:46 2020,0,bc790b38,35798516455440391,高考500+
25.18500,1,25,16777215,Wed Jul 22 20:53:54 2020,0,bf6b720c,35798520624054279,真的长得很漂亮啊呜呜
30.32600,1,25,16777215,Wed Jul 22 20:53:58 2020,0,6fd26ecf,35798522540326917,省考上岸
36.94900,1,25,16777215,Wed Jul 22 20:54:06 2020,0,bf6b720c,35798526770282499,太好看了小杨baby
60.73600,1,25,16777215,Wed Jul 22 20:54:30 2020,0,bf6b720c,35798539398807557,非常认真哈哈啊哈
17.88600,1,25,16777215,Wed Jul 22 20:54:36 2020,0,845e3ad1,35798542812971015,来过
15.50300,1,25,16777215,Wed Jul 22 20:55:32 2020,0,ae410751,35798572182011909,超越
22.77000,1,25,16777215,Wed Jul 22 20:56:32 2020,0,77b450cc,35798603582144515,吸吸欧气 高考不翻车
32.20300,1,25,16777215,Wed Jul 22 20:57:28 2020,0,ed2bee1e,35798632657584133,吸吸吸吸吸
23.30000,1,25,16777215,Wed Jul 22 20:57:58 2020,0,894150f7,35798648397758471,期末第一排！
49.34900,5,25,14811775,Wed Jul 22 20:58:26 2020,0,e0fd628d,35798663253983303,高考540
36.58600,1,25,16777215,Wed Jul 22 20:58:51 2020,0,e768a446,35798676175060997,宝宝宝宝宝宝宝宝宝宝宝宝宝宝宝宝宝宝宝宝
55.10100,1,25,16777215,Wed Jul 22 20:59:35 2020,0,5314fc46,35798699398397955,可爱爆炸啊 怎么这么萌
13.36900,1,25,16777215,Wed Jul 22 21:00:16 2020,0,259fc904,35798721178370051,金榜题名
13.01900,1,25,16777215,Wed Jul 22 21:00:49 2020,0,2948f90c,35798738235031623,拜一拜
5.62300,1,25,16777215,Wed Jul 22 21:01:09 2020,0,4ea9798e,35798748680945667,高考211
54.95500,1,25,16777215,Wed Jul 22 21:01:24 2020,0,5c38a646,35798756859314179,你杨哥，哈哈哈哈
60.73600,1,25,16777215,Wed Jul 22 21:01:30 2020,0,add2e4aa,35798759879737347,吸
60.73600,1,25,16777215,Wed Jul 22 21:01:35 2020,0,add2e4aa,35798762109534213,吸
57.96800,1,25,16777215,Wed Jul 22 21:03:33 2020,0,8547cab6,35798824041054213,高考考上心仪大学！
13.25700,1,25,16777215,Wed Jul 22 21:04:04 2020,0,a9cc7b39,35798840290836485,许愿海南大学
28.79800,1,25,15138834,Wed Jul 22 21:04:26 2020,0,1b497c0b,35798851876028419,顺利考研
20.02000,1,25,16777215,Wed Jul 22 21:05:58 2020,0,5133b2f2,35798900385251335,四级过
6.02000,1,25,16777215,Wed Jul 22 21:06:12 2020,0,686b449d,35798907554365445,三连许愿
25.07800,1,25,16777215,Wed Jul 22 21:07:14 2020,0,cb6ace2c,35798940060745735,姐姐保我被藏大录取！
20.90600,1,25,16777215,Wed Jul 22 21:07:23 2020,0,c5b66efa,35798944920895495,超越
12.13700,1,25,16777215,Wed Jul 22 21:07:40 2020,0,9e210ed7,35798953922920455,啊
20.40000,1,25,16777215,Wed Jul 22 21:07:55 2020,0,b6575a9a,35798961701257221,暴富暴富暴富暴富暴富暴富
27.37300,1,25,16777215,Wed Jul 22 21:08:02 2020,0,b6575a9a,35798965364457477,变瘦变瘦变瘦变瘦
33.38800,1,25,16777215,Wed Jul 22 21:08:08 2020,0,b6575a9a,35798968507564037,考央美
8.37800,1,25,16777215,Wed Jul 22 21:08:12 2020,0,204e9410,35798970721107973,高考550
44.87600,1,25,16777215,Wed Jul 22 21:08:20 2020,0,b6575a9a,35798974526390275,超越妹妹
27.40800,1,25,16777215,Wed Jul 22 21:08:55 2020,0,a919e98a,35798992966647811,高考上600
34.12800,5,25,16777215,Wed Jul 22 21:09:06 2020,0,204e9410,35798998851780615,高考550
52.38500,1,25,16777215,Wed Jul 22 21:09:35 2020,0,8d24b247,35799013919817733,520+++++
34.87900,1,25,16777215,Wed Jul 22 21:09:35 2020,0,e58fa80f,35799014014189571,爱宁~
27.58900,1,25,16777215,Wed Jul 22 21:10:10 2020,0,957e5001,35799032375803909,高考585
57.08100,1,25,16777215,Wed Jul 22 21:10:48 2020,0,17d5eca8,35799052053905415,高考510
56.90200,1,25,16777215,Wed Jul 22 21:11:09 2020,0,76447492,35799063202889731,祝我工资翻倍
25.44700,1,25,16777215,Wed Jul 22 21:11:21 2020,0,f5d6f87f,35799069840900103,啊啊啊啊本科本科！！
31.86100,1,25,16777215,Wed Jul 22 21:11:30 2020,0,e262f1ec,35799074426847235,下个月开10个单
16.06700,1,25,16777215,Wed Jul 22 21:11:31 2020,0,76447492,35799074645475335,祝我CPA六科一次性过
32.54400,1,25,16777215,Wed Jul 22 21:11:38 2020,0,b86cbd49,35799078738067459,明天出成绩暴涨分！！
16.26500,1,25,16777215,Wed Jul 22 21:11:52 2020,0,805ca294,35799086053457925,超越冲鸭
47.19700,1,25,16777215,Wed Jul 22 21:11:53 2020,0,b86cbd49,35799086419935237,高考500+
39.93200,1,25,16777215,Wed Jul 22 21:12:02 2020,0,5f66fa2d,35799091113361415,高考520
23.94100,1,25,16777215,Wed Jul 22 21:12:24 2020,0,dd58ff94,35799102705369155,罗定邦收我
35.27900,1,25,16777215,Wed Jul 22 21:12:28 2020,0,805ca294,35799104785219587,热烈欢迎
45.94500,1,25,16777215,Wed Jul 22 21:12:31 2020,0,e044d837,35799106299363333,生地双A＋
30.59200,1,25,16777215,Wed Jul 22 21:13:05 2020,0,d1122f08,35799123971014663,鬼畜区来给杨老师应有的排面
41.41800,1,25,16777215,Wed Jul 22 21:13:08 2020,0,b3a89915,35799125724758019,祝我中考450
39.11500,1,25,16777215,Wed Jul 22 21:14:18 2020,0,98bb1d37,35799162401325059,干杯
10.12200,1,25,16777215,Wed Jul 22 21:14:51 2020,0,1a4ce828,35799179584339973,超越妹妹
43.75900,1,25,16777215,Wed Jul 22 21:15:09 2020,0,de182644,35799189328756741,高考510
39.01900,1,25,16777215,Wed Jul 22 21:15:48 2020,0,fa966415,35799209669558275,高考上550！！
46.65900,1,25,16777215,Wed Jul 22 21:16:23 2020,0,7f81f177,35799227814117383,找到工作
1.17900,1,25,16777215,Wed Jul 22 21:17:03 2020,0,7f81f177,35799248791928839,超越妹妹保佑我找到好工作
49.66800,1,25,16777215,Wed Jul 22 21:17:07 2020,0,26b6a24f,35799251083591683,200w！！！！
19.14000,1,25,16777215,Wed Jul 22 21:17:47 2020,0,35832372,35799272028897285,超越保佑我高考考出好成绩
56.45400,1,25,16777215,Wed Jul 22 21:18:05 2020,0,4e2b8a96,35799281181392899,中考575+
42.63900,1,25,16777215,Wed Jul 22 21:18:13 2020,0,194a99d1,35799285732212739,她来了，她来了！
30.89000,1,25,16777215,Wed Jul 22 21:18:33 2020,0,9ee6573,35799296223739909,高考上510
56.46400,1,25,16777215,Wed Jul 22 21:20:14 2020,0,b2161043,35799349072494599,高考580
33.08700,1,25,16777215,Wed Jul 22 21:20:41 2020,0,bae0579b,35799363041624133,rap
26.59600,1,25,16777215,Wed Jul 22 21:20:46 2020,0,7cfb86ab,35799365813010435,一生只有你 YCY
42.77100,1,25,16777215,Wed Jul 22 21:20:50 2020,0,bae0579b,35799368124071943,干啥啥不行
53.13900,1,25,16777215,Wed Jul 22 21:20:57 2020,0,12724111,35799371384094723,高考600
49.20300,1,25,16777215,Wed Jul 22 21:20:57 2020,0,4b10b6af,35799371714396167,考试过
19.65100,1,25,16777215,Wed Jul 22 21:21:06 2020,0,827458e8,35799376298246151,超越妹妹
58.41900,1,25,16777215,Wed Jul 22 21:21:19 2020,0,12724111,35799383033249797,高考600＋
17.09200,1,25,16777215,Wed Jul 22 21:21:35 2020,0,99412add,35799391290785799,考研！！！
51.01100,1,25,16777215,Wed Jul 22 21:21:46 2020,0,abbecbf6,35799397325340677,保佑中考490，一定要上荣超啊
33.76600,1,25,16777215,Wed Jul 22 21:22:06 2020,0,b5ff9090,35799407791177733,重点！
56.17200,1,25,16777215,Wed Jul 22 21:22:18 2020,0,d9935dc4,35799413833596933,吸吸吸
17.39400,1,25,16777215,Wed Jul 22 21:22:18 2020,0,6f0ed872,35799413920628741,明天出分600吧！！！
60.41700,1,25,16777215,Wed Jul 22 21:22:53 2020,0,cc77c968,35799432178434051,超超越越
3.80000,1,25,16777215,Wed Jul 22 21:23:00 2020,0,cc77c968,35799436319260679,超越妹妹
16.63800,1,25,16777215,Wed Jul 22 21:23:03 2020,0,7ab02283,35799437788839939,超越
9.73400,1,25,16777215,Wed Jul 22 21:23:06 2020,0,cc77c968,35799439410987015,欢迎超越
20.03100,1,25,16777215,Wed Jul 22 21:24:10 2020,0,3d394027,35799472952836103,就尼玛离谱
11.04500,1,25,16777215,Wed Jul 22 21:24:19 2020,0,ef1c7e2e,35799477786247175,考研上岸！！！
33.93600,1,25,16777215,Wed Jul 22 21:24:21 2020,0,d54d6a56,35799478600466437,我真的觉得超越演技可以
38.97900,1,25,16777215,Wed Jul 22 21:24:48 2020,0,e6f002b3,35799492901470213,吸吸吸吸
22.61900,1,25,16777215,Wed Jul 22 21:24:56 2020,0,74c16054,35799496897069059,吸吸吸吸
23.57900,5,25,8700107,Wed Jul 22 21:25:00 2020,0,6e2de90a,35799499169857539,北大爷来了
29.03200,1,25,16777215,Wed Jul 22 21:25:12 2020,0,45ce1052,35799505100603395,高考590
3.48000,1,25,16777215,Wed Jul 22 21:26:07 2020,0,2a5ccdb9,35799534083244035,啊啊啊啊
22.28300,1,25,16777215,Wed Jul 22 21:27:01 2020,0,c8215a81,35799562676338695,我想要找份网络相关的工作。安安稳稳的上班
53.04000,1,25,16777215,Wed Jul 22 21:27:43 2020,0,94dc7bb2,35799584338870279,中考400+！！
20.58200,1,25,16777215,Wed Jul 22 21:28:15 2020,0,5562c071,35799601135484931,超越姐姐 保佑我高考390+
15.69500,1,25,15138834,Wed Jul 22 21:28:57 2020,0,11597cc,35799623538835459,高考二本
44.79900,1,25,16777215,Wed Jul 22 21:29:03 2020,0,20e6585e,35799626230530051,吸吸
48.63200,1,25,16777215,Wed Jul 22 21:29:10 2020,0,c5a46768,35799629855457287,高考加油！！
3.88000,1,25,16777215,Wed Jul 22 21:29:19 2020,0,b8895222,35799634750210055,高考600
10.38800,1,25,16777215,Wed Jul 22 21:29:48 2020,0,6b8af5e6,35799650205171715,高考359啊啊啊啊啊啊
22.58100,1,25,16777215,Wed Jul 22 21:30:17 2020,0,17150566,35799665263247363,清华
12.14000,1,25,16777215,Wed Jul 22 21:31:12 2020,0,a7c2e28b,35799693812826115,超越妹妹
10.53900,1,25,16777215,Wed Jul 22 21:32:36 2020,0,6efd727d,35799738084229189,吸吸吸吸
37.77500,1,25,16777215,Wed Jul 22 21:33:32 2020,0,ad6566e,35799767278682115,宝贝我来啦
46.12000,1,25,16777215,Wed Jul 22 21:33:45 2020,0,31cc2f0a,35799774366007301,高考550
47.96200,1,25,16777215,Wed Jul 22 21:34:06 2020,0,978f29f9,35799785366093829,高考480+
46.43000,1,25,16777215,Wed Jul 22 21:34:21 2020,0,cb6ace2c,35799792980852741,超越保我进藏大or520＋！！！！！
53.43300,1,25,16777215,Wed Jul 22 21:34:28 2020,0,cb6ace2c,35799796662403079,三年老粉！
27.96700,1,25,16777215,Wed Jul 22 21:35:12 2020,0,6792c0ae,35799819873681415,高考上一本
27.07700,1,25,16777215,Wed Jul 22 21:36:35 2020,0,e2af30cb,35799863165190147,超越
58.34500,1,25,16777215,Wed Jul 22 21:36:36 2020,0,bd964585,35799864017682439,中考610超越妹妹快快乐乐！
60.73300,1,25,16777215,Wed Jul 22 21:36:53 2020,0,2558b716,35799872743931907,？41
41.21300,1,25,16777215,Wed Jul 22 21:36:54 2020,0,9faae4c,35799873471643655,祝发高考祈福的全部上专科。
42.35700,1,25,16777215,Wed Jul 22 21:36:57 2020,0,e2af30cb,35799874698477573,杨老师o(^o^)o
55.33000,1,25,16777215,Wed Jul 22 21:37:27 2020,0,15688613,35799890632638467,科三过过过！！！
26.19700,1,25,16777215,Wed Jul 22 21:37:36 2020,0,d5b68772,35799895259480069,蹭蹭锦鲤
14.37200,1,25,16777215,Wed Jul 22 21:38:15 2020,0,220f0981,35799915959418883,要开心，超越
35.05500,1,25,16777215,Wed Jul 22 21:38:25 2020,0,847bf735,35799921205968899,鬼畜安排
33.32400,1,25,16777215,Wed Jul 22 21:38:34 2020,0,220f0981,35799925898870787,哥哥爱你
24.61400,1,25,16777215,Wed Jul 22 21:39:13 2020,0,220f0981,35799946444144647,这个BGM是啥啊，谁来说说
50.79200,1,25,16777215,Wed Jul 22 21:39:34 2020,0,bcc9a19a,35799957276459015,中考一中
32.80500,1,25,16777215,Wed Jul 22 21:39:46 2020,0,ec8d7904,35799963446280259,高考520
37.59000,1,25,16777215,Wed Jul 22 21:40:32 2020,0,23c1de0d,35799987700367367,上一本大学
5.86500,1,25,16777215,Wed Jul 22 21:40:48 2020,0,556c8b8d,35799996084256775,超越保佑我明天高考查分过线
51.61500,1,25,16777215,Wed Jul 22 21:41:03 2020,0,23c1de0d,35800003962732549,上一本大学
58.57200,5,25,16646914,Wed Jul 22 21:41:18 2020,0,a8d86f0,35800011806605317,这就是那个干啥啥不行，和老板吵架第一名的女孩吗
14.75400,1,25,16777215,Wed Jul 22 21:42:09 2020,0,2d3ad406,35800038401638403,妹妹
32.39800,1,25,16777215,Wed Jul 22 21:42:53 2020,0,8201ec61,35800061529554949,考上苏大
46.42800,1,25,16777215,Wed Jul 22 21:43:07 2020,0,8201ec61,35800068699193347,年级前三
22.44000,1,25,16777215,Wed Jul 22 21:43:09 2020,0,cbdde7a9,35800070121586691,考抢好大学！！！！保佑！！！
26.26200,1,25,16777215,Wed Jul 22 21:43:31 2020,0,521486f8,35800081336631299,祝我期末考个好成绩！
9.36300,1,25,16777215,Wed Jul 22 21:43:38 2020,0,8201ec61,35800085326987271,高考580+
52.90200,1,25,14811775,Wed Jul 22 21:44:24 2020,0,3e6bac36,35800109403340803,距离小羊生日还有9天
12.09900,1,25,16777215,Wed Jul 22 21:46:11 2020,0,20e1a335,35800165471223811,超越姐姐，保佑我高考560以上
34.59400,1,25,16777215,Wed Jul 22 21:46:17 2020,0,2a94392,35800168543551557,夏令营90＋
16.19800,1,25,16777215,Wed Jul 22 21:46:21 2020,0,23e06fc,35800170585653251,祝我高考500＋
39.77900,1,25,16777215,Wed Jul 22 21:47:30 2020,0,f94c7666,35800206734262343,高考520
34.43500,1,25,16777215,Wed Jul 22 21:47:51 2020,0,9a860212,35800217800933379,吸吸
4.04000,1,25,16777215,Wed Jul 22 21:47:55 2020,0,5160526f,35800219931115527,考研上岸！！！
17.35800,1,25,16777215,Wed Jul 22 21:47:56 2020,0,690c1f24,35800220268232709,第一次一键三连
0.17900,1,25,16777215,Wed Jul 22 21:48:27 2020,0,91ec6227,35800236555239493,保佑高考过二本线
0.10000,1,25,16777215,Wed Jul 22 21:48:34 2020,0,85315074,35800240205332485,超超越越
28.08000,1,25,16777215,Wed Jul 22 21:48:34 2020,0,50760206,35800240288694279,高考上六百！！！！！！
11.81000,1,25,16777215,Wed Jul 22 21:48:49 2020,0,5160526f,35800248042389507,考研上岸
