143.508,1,25,16777215,2018/5/6,0,69c85b4d,3.39E+16,佛了，不会真的有人认为自己比韩金龙强吧
542.202,1,25,16777215,2018/5/6,0,e2af507f,3.39E+16,好，蹦，撤，卖
4.375,1,25,16777215,2018/5/6,0,2bff8bfd,3.39E+16,肉蛋冲剂
3.301,1,25,16777215,2018/5/6,0,2bff8bfd,3.39E+16,肉蛋充鸡
228.054,1,25,16777215,2018/5/6,0,c36a15ec,3.39E+16,名场面
64.439,1,25,16777215,2018/5/6,0,f3cf8a09,3.39E+16,合影
332.689,1,25,16777215,2018/5/6,0,e730725a,3.39E+16,
537.853,5,25,16777215,2018/5/6,0,77174a6b,3.39E+16,四 项 基 本 原 则
294.024,4,25,15138834,2018/5/6,0,2b02a3a1,3.39E+16,硬 就嘴硬
330.796,1,25,16777215,2018/5/6,0,37b52534,3.39E+16,?
112.899,1,25,16777215,2018/5/6,0,a7d01439,3.39E+16,傲司
333.112,1,25,16777215,2018/5/6,0,622bc7b2,3.39E+16,？
433.89,5,25,15138834,2018/5/6,0,2b02a3a1,3.39E+16,一刀
435.13,5,25,15138834,2018/5/6,0,2b02a3a1,3.39E+16,一刀
436.87,5,25,15138834,2018/5/6,0,2b02a3a1,3.39E+16,一刀
438.11,5,25,15138834,2018/5/6,0,2b02a3a1,3.39E+16,一刀
439.01,5,25,15138834,2018/5/6,0,2b02a3a1,3.39E+16,一刀
440.77,5,25,15138834,2018/5/6,0,2b02a3a1,3.39E+16,一刀
438.793,5,25,15138834,2018/5/6,0,2b02a3a1,3.39E+16,一刀
438.793,5,25,15138834,2018/5/6,0,2b02a3a1,3.39E+16,一刀
459.008,5,25,15138834,2018/5/6,0,2b02a3a1,3.39E+16,亚索：就一刀
477.748,5,25,15138834,2018/5/6,0,2b02a3a1,3.39E+16,点 就硬点
513.201,5,25,15138834,2018/5/6,0,2b02a3a1,3.39E+16,马老师一生之敌：愣头青
521.045,5,25,15138834,2018/5/6,0,2b02a3a1,3.39E+16,马老师一生之敌：愣头青
512.754,5,25,15138834,2018/5/6,0,2b02a3a1,3.39E+16,马老师一生之敌：愣头青
514.374,5,25,15138834,2018/5/6,0,2b02a3a1,3.39E+16,马老师一生之敌：愣头青
515.334,5,25,15138834,2018/5/6,0,2b02a3a1,3.39E+16,马老师一生之敌：愣头青
516.214,5,25,15138834,2018/5/6,0,2b02a3a1,3.39E+16,马老师一生之敌：愣头青
517.214,5,25,15138834,2018/5/6,0,2b02a3a1,3.39E+16,马老师一生之敌：愣头青
518.074,5,25,15138834,2018/5/6,0,2b02a3a1,3.39E+16,马老师一生之敌：愣头青
193.368,1,25,16777215,2018/5/6,0,91af52b5,3.39E+16,层层恐惧
226.359,1,25,16777215,2018/5/6,0,91af52b5,3.39E+16,马克司
248.744,1,25,16777215,2018/5/6,0,fa1e6413,3.39E+16,完全不会
56.759,1,25,16777215,2018/5/6,0,25cc0a28,3.39E+16,经典留名
61.92,1,25,15138834,2018/5/6,0,5f5a2eba,3.39E+16,この波、この波はオニオンチキンと肉と卵です
348.184,1,25,16777215,2018/5/6,0,8fc3580e,3.39E+16,自信点，再把这一把去了
503.138,1,25,16777215,2018/5/6,0,def60b08,3.39E+16,经典咬牙切齿
321.23,1,25,16777215,2018/5/6,0,17f22412,3.39E+16,？
337.58,1,25,16777215,2018/5/6,0,4a973dad,3.39E+16,？？？
93.283,5,25,15138834,2018/5/6,0,8d0e868d,3.39E+16,LbwnbLbwnbLbwnbLbwnbLbwnbLbwnbLbwnbLbwnbLbwnbLbwnb
261.067,5,25,16777215,2018/5/6,0,4a6e3315,3.39E+16,这把还真的超神了
432.521,1,25,16777215,2018/5/6,0,7a698b3,3.39E+16,没有人比我更懂打野
366.956,1,25,16777215,2018/5/6,0,822235c,3.39E+16,亡者馍柿
65.438,1,25,16777215,2018/5/6,0,1ace1c52,3.40E+16,致命节奏就离谱
271.051,1,25,16777215,2018/5/6,0,1ace1c52,3.40E+16,斜键仙
532.03,1,25,16777215,2018/5/6,0,f7d5044,3.40E+16,好！蹦！撤！卖！遛！
110.3,1,25,16777215,2018/5/6,0,74f574e7,3.40E+16,糕手
35.342,1,25,16777215,2018/5/6,0,473a6031,3.40E+16,那好笔和纸，瓜皮永相随
225.038,1,25,16777215,2018/5/6,0,473a6031,3.40E+16,刻在DNA里的语录
315.633,1,25,16777215,2018/5/6,0,473a6031,3.40E+16,经典三国杀
517.677,1,25,16777215,2018/5/6,0,46ccc17,3.40E+16,这波我问你他的打野在哪里
402.111,1,25,16777215,2018/5/6,0,79f4c1ba,3.40E+16,这局太经典了
423.485,1,25,16777215,2018/5/6,0,169e7f1f,3.40E+16,不是十年了?
16.166,1,25,16777215,2018/5/6,0,224a51bf,3.40E+16,起飞飞
334.924,1,25,16777215,2018/5/6,0,ceaa98f0,3.40E+16,？？？？
335.268,1,25,16777215,2018/5/6,0,e6d01529,3.40E+16,？？？？？？？？？？？？？？？？？？？？？？？？？、
338.956,1,25,16777215,2018/5/6,0,bd2ba8fd,3.40E+16,？？？？
0.96,1,25,16777215,2018/5/6,0,21176cfc,3.40E+16,阿克曼李在赣神魔
321.384,1,25,16777215,2018/5/6,0,622bc7b2,3.40E+16,？
335.665,1,25,16777215,2018/5/6,0,622bc7b2,3.40E+16,？
105.287,1,25,16777215,2018/5/6,0,ef40e4bf,3.40E+16,这vn跟卡莎好像啊
328.984,1,25,16777215,2018/5/6,0,c414ad04,3.40E+16,??????
22.433,1,25,16777215,2018/5/6,0,aad3128b,3.40E+16,飞飞。。
60.974,5,25,16646914,2018/5/6,0,3b40384d,3.40E+16,肉蛋葱鸡
91.86,5,25,16777215,2018/5/6,0,f056c4cb,3.40E+16,得得得得得得得得得得得得得得得得得得得得得得得得得得得得得得得得得得得得得得得得得得得得
418.568,1,25,16777215,2018/5/6,0,d9acce91,3.40E+16,外币外边
497.661,1,25,16777215,2018/5/6,0,c0f45f78,3.40E+16,真的可爱哦
331.16,1,25,16777215,2018/5/6,0,4.15E+135,3.40E+16,？？？？？？？
335.545,1,25,16777215,2018/5/6,0,945be403,3.40E+16,？？？？？？？？？？
29.826,1,25,16777215,2018/5/6,0,534ba5d9,3.40E+16,老色批了
41.454,1,25,16777215,2018/5/6,0,bd455cf7,3.40E+16,老厨师的感觉
55.894,1,25,16777215,2018/5/6,0,bd455cf7,3.40E+16,上菜
122.923,1,25,16777215,2018/5/6,0,bd455cf7,3.40E+16,经典多线溃败
8.319,1,25,16777215,2018/5/6,0,852e1f6a,3.40E+16,百万片头
77.332,1,25,16777215,2018/5/6,0,28328903,3.40E+16,经典
108.151,1,25,16777215,2018/5/6,0,1ab5aee3,3.40E+16,叫这个id的也是个狠角色
87.444,5,25,15138834,2018/5/6,0,da88f154,3.40E+16,粽食橘
102.32,1,25,16777215,2018/5/6,0,239f55d1,3.40E+16,夰手
11.754,1,25,16777215,2018/5/6,0,e5d3df3d,3.40E+16,漏蛋充鸡
15.994,5,25,16777215,2018/5/6,0,e5d3df3d,3.40E+16,漏蛋充鸡
466.728,1,25,16777215,2018/5/6,0,55b43668,3.40E+16,一点点给多少我卡网卡给双倍
54.899,1,25,16777215,2018/5/6,0,71964dce,3.40E+16,这钵
283.161,1,25,16777215,2018/5/6,0,536b5,3.40E+16,说超神的埋了吧
553.502,1,25,16777215,2018/5/6,0,99fb7b64,3.40E+16,哈哈哈哈哈哈哈哈哈哈
99.578,1,25,16777215,2018/5/6,0,a67515f3,3.40E+16,出意外了
32.123,1,25,16777215,2018/5/6,0,d88441a9,3.40E+16,文化输出的起源
315.204,1,25,16777215,2018/5/6,0,788dcac3,3.41E+16,这一局素材太多了
397.884,1,25,16777215,2018/5/6,0,788dcac3,3.41E+16,注意看队友，就是同一局。这局素材爆炸
489.713,1,25,16777215,2018/5/6,0,b3e3aa8f,3.41E+16,一点点打钱!
531.452,1,25,16777215,2018/5/6,0,7fa38e85,3.41E+16,收到！over!
68.83,1,25,16777215,2018/5/6,0,cc81e210,3.41E+16,舒服
335.282,1,25,16777215,2018/5/6,0,7b20823e,3.41E+16,？？？？？
85.339,1,25,16777215,2018/5/6,0,326a54ad,3.41E+16,肉蛋充饥
116.727,1,25,16777215,2018/5/6,0,7babe110,3.41E+16,唯 一 人 话
349.859,1,25,16777215,2018/5/6,0,5137ef73,3.41E+16,请举报我
2.227,1,25,16777215,2018/5/6,0,e239dd35,3.41E+16,起飞
271.82,1,25,16777215,2018/5/6,0,4099abfe,3.41E+16,说超神的赶紧埋了
288.86,1,25,16777215,2018/5/6,0,4099abfe,3.41E+16,有灶台做饭了
106.33,1,25,16777215,2018/5/6,0,d52859c7,3.41E+16,酒喝多了
312.303,1,25,16777215,2018/5/6,0,5d50daad,3.41E+16,省一个果实 血赚
60.233,1,25,16777215,2018/5/6,0,b2e48933,3.41E+16,肉蛋充饥
333.526,1,25,16777215,2018/5/6,0,257fa080,3.41E+16,？？？？
334.1,1,25,16777215,2018/5/6,0,2a545d4e,3.41E+16,？？？
373.042,1,25,16777215,2018/5/6,0,a1f615be,3.41E+16,起飞
282.724,1,25,16777215,2018/5/6,0,ec18a93a,3.41E+16,呐
270.1,1,25,16777215,2018/5/6,0,ffb78e95,3.41E+16,白银都癌症晚期了，青铜什么成分不用我多说了吧
333.94,1,25,16777215,2018/5/6,0,8ef11b96,3.41E+16,
26.477,1,25,16777215,2018/5/6,0,d0d212a3,3.41E+16,吃饭了各位
24.903,1,25,16777215,2018/5/6,0,bec8b190,3.41E+16,飞飞飞飞飞
535.171,1,25,16777215,2018/5/6,0,9515b072,3.41E+16,好！蹦！撤！卖！遛！
213.402,1,25,16777215,2018/5/6,0,2499d9a7,3.41E+16,好菜
356.329,1,25,16777215,2018/5/6,0,e14d8d07,3.41E+16,666
335.231,1,25,16777215,2018/5/6,0,77b93325,3.41E+16,？？？？？
186.883,5,25,16646914,2018/5/6,0,e1f076b0,3.41E+16,层层恐惧
245.207,1,25,16646914,2018/5/6,0,e1f076b0,3.41E+16,呐呐呐呐呐呐呐呐呐呐呐呐呐呐呐
282.26,1,25,16777215,2018/5/6,0,b19f2c84,3.42E+16,喷就完了，管他后面超不超神
472.222,1,25,16777215,2018/5/6,0,1.35E+98,3.42E+16,可爱
91.08,1,25,16777215,2018/5/6,0,4fa529cd,3.42E+16,能
105.016,1,25,16777215,2018/5/6,0,4fa529cd,3.42E+16,糕手
194.194,1,25,16777215,2018/5/6,0,4fa529cd,3.42E+16,层层恐惧
225.649,1,25,16777215,2018/5/6,0,4fa529cd,3.42E+16,吸血
241.069,1,25,16777215,2018/5/6,0,4fa529cd,3.42E+16,掏鸟
261.019,1,25,16777215,2018/5/6,0,b53334a7,3.42E+16,彳亍
3.183,1,25,16777215,2018/5/6,0,cfe77608,3.42E+16,风女老婆
221.493,1,25,16777215,2018/5/6,0,cfe77608,3.42E+16,经典吸血
26.084,1,25,16777215,2018/5/6,0,92f19ea7,3.42E+16,上来就是硬菜？
262.054,1,25,16777215,2018/5/6,0,ff60b411,3.42E+16,这里说青铜是说自己
414.26,5,25,15138834,2018/5/6,0,167d139e,3.42E+16,经典芜锁胃
165.43,5,25,15138834,2018/5/6,0,8d06ccd5,3.42E+16,拖就硬拖
65.16,1,25,16777215,2018/5/6,0,1b17b223,3.42E+16,哈哈哈
335.227,1,25,16777215,2018/5/6,0,d4a9e279,3.42E+16,？
241.303,1,25,16777215,2018/5/6,0,1b17b223,3.42E+16,传世经典
95.124,1,25,16777215,2018/5/6,0,36898082,3.42E+16,粽师局
107.78,1,25,16777215,2018/5/6,0,aab16844,3.42E+16,是为什么
248.949,5,25,15138834,2018/5/6,0,ce183098,3.42E+16,呐呐呐呐呐呐呐呐呐呐
554.4,1,25,16777215,2018/5/6,0,1519b195,3.42E+16,.0.
335.619,1,25,16777215,2018/5/6,0,9b4e3015,3.42E+16,？？？？？
362.94,1,25,16777215,2018/5/6,0,af21686b,3.42E+16,离谱
531.895,1,25,16777215,2018/5/6,0,53c3d184,3.42E+16,.
75.595,1,25,16777215,2018/5/6,0,4c88c8b0,3.42E+16,哈哈哈哈
113.427,1,25,16777215,2018/5/6,0,7db30e90,3.42E+16,高寿
378.323,1,25,11890,2018/5/6,0,7db30e90,3.42E+16,我笑死了
404.839,1,25,11890,2018/5/6,0,7db30e90,3.42E+16,切记要烦躁
535.829,1,25,16777215,2018/5/6,0,693ca01f,3.42E+16,经典辅助杀手
330.03,1,25,16777215,2018/5/6,0,731b540e,3.42E+16,??????????????
363.172,1,25,16777215,2018/5/6,0,885413bd,3.42E+16,哈哈哈哈哈哈
339.55,1,25,16646914,2018/5/6,0,6f01ea5c,3.42E+16,？？？？？？？？？？？？？？？？？？？？？？？？？？？？？？？？？？？？？？？？？？？？？？
311.294,1,25,16777215,2018/5/6,0,eb0d861,3.42E+16,最强亡者
114.282,1,25,16777215,2018/5/6,0,fdbcc186,3.42E+16,经典丹娜
339.476,1,25,16777215,2018/5/6,0,4f79d0b7,3.42E+16,?
216.2,1,25,16777215,2018/5/6,0,9cd9d70e,3.42E+16,两个会的意思不一样
364.28,1,25,16777215,2018/5/6,0,9e202559,3.42E+16,skr skr
189.694,1,25,11890,2018/5/6,0,32594455,3.42E+16,经典赛翁眼睛i
75.429,1,25,16777215,2018/5/6,0,1650bff3,3.42E+16,马老师这波是什么阿
292.784,1,25,16777215,2018/5/6,0,e61b18e3,3.42E+16,不参加考试就不会挂科
249.799,1,25,16777215,2018/5/6,0,c4123ed9,3.42E+16,会
407.017,1,25,16777215,2018/5/6,0,a89cb57d,3.42E+16,老杨坤了
338.799,1,25,16777215,2018/5/6,0,e9fbd1e9,3.43E+16,？
341.487,1,25,16777215,2018/5/6,0,f2d0e7d3,3.43E+16,??????????????????????
27.392,5,25,16777215,2018/5/6,0,6ffe9eb,3.43E+16,好家伙，开局王炸？
140.958,5,25,41194,2018/5/6,0,e328caa2,3.43E+16,15分钟撑死你
50.345,5,25,16707842,2018/5/6,0,ddf8ff19,3.43E+16,古拉加斯：诶呀呃啊
5.96,1,25,16777215,2018/5/6,0,354fc411,3.43E+16,肉蛋葱鸡
35.369,1,25,16777215,2018/5/6,0,fcff1677,3.43E+16,飞飞飞飞飞飞飞飞飞飞飞飞
118.977,5,25,16707842,2018/5/6,0,fd9a6125,3.43E+16,熬柿
123.417,5,25,16707842,2018/5/6,0,fd9a6125,3.43E+16,熬柿粽柿焗
143.137,5,25,15138834,2018/5/6,0,fd9a6125,3.43E+16,粿福鼎煎水苹
192.737,5,25,15138834,2018/5/6,0,fd9a6125,3.43E+16,第芜层
8.34,1,25,16777215,2018/5/6,0,97a9235b,3.43E+16,0
194.626,1,25,16777215,2018/5/6,0,5c9f43e8,3.43E+16,经典
319.809,1,25,16777215,2018/5/6,0,2b95efb,3.43E+16,这喝酒打嗝就很灵性
333.709,1,25,16777215,2018/5/6,0,abea4954,3.43E+16,？？？？？？？
204.182,1,25,16777215,2018/5/6,0,37ecf879,3.43E+16,又是啤酒人
397.697,1,25,16777215,2018/5/6,0,37ecf879,3.43E+16,又是啤酒人就离谱
427.286,1,25,16777215,2018/5/6,0,37ecf879,3.43E+16,赛文眼镜
122.9,1,25,16777215,2018/5/6,0,1a59076f,3.43E+16,捞的一
322.76,1,25,16777215,2018/5/6,0,1a59076f,3.43E+16,发病最严重的一局
337.913,1,25,16777215,2018/5/6,0,1ce3da87,3.43E+16,？？？？？？？？？？？？？？？？？？？？？？？？？？？？？？？？？？？？？？？？？？？？？？？？？？？？？？？
320.404,1,25,16777215,2018/5/6,0,3968af3f,3.43E+16,？
335.457,1,25,16777215,2018/5/6,0,68aadad7,3.43E+16,？？？？？？、
248.966,5,25,15138834,2018/5/6,0,fb6a370b,3.43E+16,琪亚娜会不会答应我wyk的求婚
339.467,1,25,16777215,2018/5/6,0,4aeecc12,3.43E+16,?
187.678,1,25,16777215,2018/5/6,0,b29d940c,3.43E+16,哈哈哈哈哈哈哈哈哈哈哈哈
200.956,1,25,16777215,2018/5/6,0,b29d940c,3.43E+16,经典
245.24,1,25,16777215,2018/5/6,0,b29d940c,3.43E+16,哈哈哈哈哈哈哈哈哈哈哈
258.221,1,25,16777215,2018/5/6,0,b29d940c,3.43E+16,哈哈哈哈哈哈哈哈哈哈哈哈哈哈
339.865,1,25,16777215,2018/5/6,0,d87ef57,3.43E+16,？？？？？？？
73.448,1,25,16777215,2018/5/6,0,8f80c1e5,3.43E+16,肉弹充饥
78.637,1,25,15138834,2018/5/6,0,8f80c1e5,3.43E+16,肉弹充饥
332.79,1,25,16777215,2018/5/6,0,168d538d,3.43E+16,？
251.139,5,25,16707842,2018/5/6,0,bb8444c4,3.43E+16,这把后面根本没超神，还输的很惨，那些说超神了的看录像了没
100.131,1,25,16777215,2018/5/6,0,b7dcc29c,3.43E+16,nengnnnnnn
22.159,1,25,16777215,2018/5/6,0,949c93c7,3.43E+16,剑来
31.979,1,25,16777215,2018/5/6,0,949c93c7,3.43E+16,剑来
14.046,1,25,16777215,2018/5/6,0,45d200a6,3.43E+16,哈哈哈哈哈哈哈哈哈哈哈
20.665,1,25,16777215,2018/5/6,0,45d200a6,3.43E+16,哈哈哈哈哈哈哈哈哈
26.738,1,25,16777215,2018/5/6,0,45d200a6,3.43E+16,哈哈哈哈哈哈哈哈
332.572,1,25,16777215,2018/5/6,0,c8f81f45,3.43E+16,？
324.547,1,25,16777215,2018/5/6,0,8501aaa1,3.43E+16,肉肥他ci凎
547.182,5,25,16777215,2018/5/6,0,cc199350,3.43E+16,四字方针
104.573,1,25,16777215,2018/5/6,0,fb06f5e2,3.43E+16,泥盆纪
182.414,5,25,16707842,2018/5/6,0,bac496c5,3.43E+16,你只看到了平流层，而你把我想成了对流层，实际上我在逸散层
331.82,1,25,16777215,2018/5/6,0,567173b,3.43E+16,？？？
364.241,1,25,16777215,2018/5/6,0,1bbc1816,3.43E+16,这些菜，我都知道怎么做
386.821,1,25,16777215,2018/5/6,0,1bbc1816,3.43E+16,老孟德了
18.88,1,25,16777215,2018/5/6,0,aa4b1ad1,3.43E+16,起飞
439.3,1,25,16777215,2018/5/6,0,aa4b1ad1,3.43E+16,刮痧蛮王
524.98,1,25,16777215,2018/5/6,0,aa4b1ad1,3.43E+16,四字真言牢记在心
65.5,1,25,16777215,2018/5/6,0,e5b5936b,3.43E+16,哈哈哈
189.92,1,25,16777215,2018/5/6,0,e5b5936b,3.43E+16,经典
213.28,1,25,16777215,2018/5/6,0,e5b5936b,3.43E+16,？
239.359,5,25,15138834,2018/5/6,0,e5b5936b,3.43E+16,名场面
256.32,5,25,15138834,2018/5/6,0,e5b5936b,3.43E+16,这把唯一一次说到做到
296.72,5,25,15138834,2018/5/6,0,e5b5936b,3.43E+16,指自己
320.88,5,25,15138834,2018/5/6,0,e5b5936b,3.43E+16,。。？
410.708,5,25,15138834,2018/5/6,0,e5b5936b,3.43E+16,逻辑鬼才
240.611,1,25,16777215,2018/5/6,0,17754c,3.43E+16,呐呐呐呐呐呐
79.094,1,25,16776960,2018/5/6,0,1a2fc2e3,3.43E+16,经典报菜名
194.917,1,25,16776960,2018/5/6,0,1a2fc2e3,3.43E+16,突  破  大  气  层
225.534,1,25,16776960,2018/5/6,0,1a2fc2e3,3.43E+16,《马哲》
385.926,1,25,16776960,2018/5/6,0,1a2fc2e3,3.43E+16,傲慢与偏见
205.582,5,25,16777215,2018/5/6,0,7ef2fd5c,3.43E+16,老师我觉得你打的得好菜啊
548.909,1,25,16777215,2018/5/6,0,f86f28ae,3.43E+16,四手抓，四手都要硬
149.299,1,25,16777215,2018/5/6,0,836af613,3.44E+16,mXZ滚啊
429.171,1,25,16777215,2018/5/6,0,a9c94a57,3.44E+16,金华（火腿）
467.768,5,25,15138834,2018/5/6,0,2b02a3a1,3.44E+16,点 就硬点
24.099,1,25,16777215,2018/5/6,0,9576ca70,3.44E+16,下饭
332.484,1,25,16777215,2018/5/6,0,dc32fc59,3.44E+16,？？？？？？？？？？？？？
333.427,1,25,16777215,2018/5/6,0,e13d2f35,3.44E+16,??????
329.654,1,25,16777215,2018/5/6,0,6bc753a9,3.44E+16,？？？？？？？？？
102.965,1,18,15138834,2018/5/6,0,d4bebcc2,3.44E+16,鬃狮局
401.101,1,25,16777215,2018/5/6,0,da3b0685,3.44E+16,一把游戏这么多素材我是没想到的
10.711,1,25,16777215,2018/5/6,0,1bad38ad,3.44E+16,肉弹冲击
547.421,1,25,15138834,2018/5/6,0,8d10ce1e,3.44E+16,原来这个卖是指卖自己
493.195,1,25,16777215,2018/5/6,0,e1bf4261,3.44E+16,无人生还
334.342,1,25,16777215,2018/5/6,0,47f1aafc,3.44E+16,？？？？？
319.046,1,25,16707842,2018/5/6,0,f485cd35,3.44E+16,wc这钵操作真把我看傻了
337.266,1,25,16707842,2018/5/6,0,f485cd35,3.44E+16,？？？？？？？？？？？？？？？？？？？？？？？？？？？？？？？？
371.597,1,25,16707842,2018/5/6,0,f485cd35,3.44E+16,《宵湿》
444.502,1,25,16777215,2018/5/6,0,acc60600,3.44E+16,别喂了，我吃不。。。唔。。唔唔。。
26.514,5,25,16707842,2018/5/6,0,6ffe9eb,3.44E+16,好家伙，开局王炸。
52.649,1,25,16777215,2018/5/6,0,8.50E+70,3.44E+16,このなみ波はカルボナーラでございます。
330.316,1,25,16777215,2018/5/6,0,e1f67e44,3.44E+16,不交闪被青钢影大留住就死了
332.867,1,25,16777215,2018/5/6,0,14a470e0,3.44E+16,？？？？？？？？
352.042,1,25,16777215,2018/5/6,0,75a0cf8c,3.44E+16,混分巨兽
104.82,1,25,16777215,2018/5/6,0,4e837879,3.44E+16,大师兄上当了
45.285,5,25,15138834,2018/5/6,0,b2ba0c8a,3.44E+16,"马老师,这波是什么啊"
55.784,5,25,15138834,2018/5/6,0,b2ba0c8a,3.44E+16,"马老师,这波是什么啊"
110.831,1,25,16777215,2018/5/6,0,a23cd661,3.44E+16,皐手
337.665,1,25,16777215,2018/5/6,0,48eb29ea,3.44E+16,???
331.708,1,25,16777215,2018/5/6,0,fb53e14e,3.44E+16,?
338.623,1,25,16777215,2018/5/6,0,4fb1205d,3.44E+16,？？？？
105.18,1,25,16777215,2018/5/6,0,e36c7ebc,3.44E+16,睾手
320.173,1,25,16777215,2018/5/6,0,e36c7ebc,3.44E+16,嗝～我饱了
339.177,1,25,16777215,2018/5/6,0,97304753,3.44E+16,？？？？？？？？
16.272,1,25,16777215,2018/5/6,0,1aa8c39a,3.44E+16,可爱可爱可爱
338.922,1,25,16777215,2018/5/6,0,63fd0229,3.44E+16,?????
426.43,1,25,16777215,2018/5/6,0,4c26ef8b,3.45E+16,真的吗我不信
468.659,1,25,16777215,2018/5/6,0,e727b27f,3.45E+16,一点点奶茶全国总代理
259.173,1,25,16777215,2018/5/6,0,9f2374ea,3.45E+16,这把 超吉吉，说超神的自己去看看视频
6.979,1,25,16777215,2018/5/6,0,56214766,3.45E+16,芜湖
14.899,1,25,15138834,2018/5/6,0,56214766,3.45E+16,飞飞飞飞飞飞飞飞飞飞飞飞飞
351.86,1,25,16777215,2018/5/6,0,35d47351,3.45E+16,？？？？？？？？？？？？？？？？？？？？？？？？
403.764,1,25,16777215,2018/5/6,0,a87c6a34,3.45E+16,还有20个人吃这碗饭我是没想到的
367.964,1,25,16777215,2018/5/6,0,fb0f4013,3.45E+16,吓得我手机差点掉地上
451.04,5,25,15138834,2018/5/6,0,2fe7956c,3.45E+16,刮痧
340.677,1,25,16777215,2018/5/6,0,80b0a7b9,3.45E+16,？？？？？？？？？？？？？？？？？？？？？？
194.11,1,25,16777215,2018/5/6,0,3d4711ac,3.45E+16,老诸星团了
478.932,1,25,16777215,2018/5/6,0,3d4711ac,3.45E+16,投降点点
98.227,5,25,16707842,2018/5/6,0,24f70f49,3.45E+16,睾手
334.899,1,25,16777215,2018/5/6,0,6de2a348,3.45E+16,这一局传世经典
75.185,1,25,16777215,2018/5/6,0,dd112a3,3.45E+16,千古绝技
253.739,1,25,16777215,2018/5/6,0,2f113d00,3.45E+16,呐呐呐呐呐呐
333.72,1,25,15138834,2018/5/6,0,2f113d00,3.45E+16,?????????
365.176,1,25,16777215,2018/5/6,0,9e202559,3.45E+16,skrskr
50.86,1,25,16777215,2018/5/6,0,ffb78e95,3.45E+16,看来你并没有想好
200.595,1,25,16777215,2018/5/6,0,5037635c,3.45E+16,赛文哈哈哈哈哈哈哈哈哈哈哈哈哈哈哈
441.671,1,25,16777215,2018/5/6,0,afc6b198,3.45E+16,亿刀
338.656,1,25,16777215,2018/5/6,0,65a7bff2,3.45E+16,？
279.334,1,25,16777215,2018/5/6,0,39e0af6b,3.45E+16,超神个p 看没看就超神超神了
332.448,1,25,38979,2018/5/6,0,35ac7ad9,3.45E+16,？？？？？？？？？？？
205.019,1,25,16777215,2018/5/6,0,8c5f3d38,3.45E+16,多捞啊
70.205,1,25,16777215,2018/5/6,0,bf12d99a,3.45E+16,小病已经挡不到我了
160.18,1,25,16777215,2018/5/6,0,7f298315,3.45E+16,danshafaker 时期
281.919,1,25,16777215,2018/5/6,0,5ae5cbbb,3.46E+16,这尼玛是1080片？
403.187,1,25,16777215,2018/5/6,0,d5d11972,3.46E+16,一局多素材
399.167,1,25,16777215,2018/5/6,0,cea1259,3.46E+16,这局全是经典
39.999,1,25,16777215,2018/5/6,0,1d5a7bfc,3.46E+16,肉蛋冲击
315.038,1,25,16777215,2018/5/6,0,ec8446bd,3.46E+16,？
335.068,1,25,16777215,2018/5/6,0,c5a26e7b,3.46E+16,？？
50.435,1,25,16777215,2018/5/6,0,1bbc1816,3.46E+16,马老师，这钵是什么啊？
64.795,1,25,16777215,2018/5/6,0,1bbc1816,3.46E+16,泪目
359.094,1,25,16777215,2018/5/6,0,1bbc1816,3.46E+16,这些菜我都知道怎么烹饪
384.307,1,25,16777215,2018/5/6,0,1bbc1816,3.46E+16,老孟德了
332.322,1,25,16777215,2018/5/6,0,550e8d50,3.46E+16,？？？？？？
335.016,1,25,16777215,2018/5/6,0,2448a2b6,3.46E+16,？？？？？？？？？？
393.022,1,25,16777215,2018/5/6,0,30ee0304,3.46E+16,老孟德斯鸠了
309.88,1,25,16777215,2018/5/6,0,1cb478b6,3.46E+16,顺手牵羊
11.522,1,25,15138834,2018/5/6,0,12d51b48,3.46E+16,歪比巴不
399.423,5,25,15138834,2018/5/6,0,bbd36080,3.46E+16,最经典的对局！
290.313,1,25,16777215,2018/5/6,0,40fc2a2e,3.46E+16,为什么把战绩隐藏？
198.54,1,25,16777215,2018/5/6,0,8.90E+05,3.46E+16,有没有小老板知道视频日期
88.914,1,25,15772458,2018/5/6,0,2e4d7345,3.46E+16,棕丝橘
542.846,1,25,16777215,2018/5/6,0,5137ef73,3.46E+16,他是说自己崩了，叫队友撤，卖自己快溜
481.236,1,25,16777215,2018/5/6,0,780534bf,3.46E+16,老点点
512.018,1,25,16777215,2018/5/6,0,b9370faa,3.46E+16,咬牙切齿
336.685,1,25,16777215,2018/5/6,0,1be3a28a,3.46E+16,？？？？？？？？？？？？、
272.056,1,25,16646914,2018/5/6,0,f8842194,3.46E+16,这把我看过，最后真超神了，杀了80多个，还虐泉了
323.307,5,25,16777215,2018/5/6,0,1d2272d4,3.46E+16,别尬黑，老师这波是爱护生态环境
380.821,5,25,16777215,2018/5/6,0,1d2272d4,3.46E+16,老阿瞒了
417.259,5,25,16777215,2018/5/6,0,1d2272d4,3.46E+16,不是十年王者？
459.435,5,25,16777215,2018/5/6,0,1d2272d4,3.46E+16,经典一块抚恤金
101.949,5,25,15138834,2018/5/6,0,ae2bcb2b,3.46E+16,糕手
337.593,1,25,16777215,2018/5/6,0,718975d7,3.46E+16,?????????
59.627,1,25,16777215,2018/5/6,0,ef09ed2a,3.46E+16,这波是什么？
323.904,1,25,16777215,2018/5/6,0,604e55a8,3.46E+16,这是第几层？？？
183.913,1,25,16777215,2018/5/6,0,6a8614ff,3.46E+16,马老师我懂你，第一层是青铜，第五层是钻石
141.96,1,25,16777215,2018/5/6,0,e571ce4d,3.46E+16,15分钟之后投降
160.515,1,25,16777215,2018/5/6,0,e571ce4d,3.46E+16,前方操作
261.448,1,25,16777215,2018/5/6,0,e571ce4d,3.46E+16,白银局超神又怎么样呢
61.27,5,25,15138834,2018/5/6,0,78f0b851,3.46E+16,厨  师    长   点   菜   名
251.739,1,25,16777215,2018/5/6,0,a2e1aa7e,3.47E+16,会
317.7,1,25,16777215,2018/5/6,0,25b57c9f,3.47E+16,还是这一局
368.754,1,25,16777215,2018/5/6,0,8045d85a,3.47E+16,下亿盘
71.502,1,25,16777215,2018/5/6,0,c51f6449,3.47E+16,oh，yeah
97.982,1,25,16707842,2018/5/6,0,c51f6449,3.47E+16,经典双线程
147.542,5,25,16707842,2018/5/6,0,c51f6449,3.47E+16,苏嘎肚啊
170.707,5,25,16707842,2018/5/6,0,c51f6449,3.47E+16,说着说着还站起来了，哈哈哈
180.828,5,25,16707842,2018/5/6,0,c51f6449,3.47E+16,赛文眼镜
295.489,5,25,16707842,2018/5/6,0,c51f6449,3.47E+16,赛文眼镜
437.489,5,25,41194,2018/5/6,0,c51f6449,3.47E+16,青花瓷
439.929,1,25,41194,2018/5/6,0,c51f6449,3.47E+16,青花瓷皮肤
459.209,5,25,16707842,2018/5/6,0,c51f6449,3.47E+16,1块
324.545,1,25,16777215,2018/5/6,0,df05fe68,3.47E+16,果子留着炒菜 别尬黑
492.085,1,25,16777215,2018/5/6,0,df05fe68,3.47E+16,老刮痧师傅了
196.72,1,25,16777215,2018/5/6,0,7ef2fd5c,3.47E+16,臭氧层
371.838,5,25,16777215,2018/5/6,0,7e931b79,3.47E+16,让所有得质疑声都笑死
119.472,1,25,16777215,2018/5/6,0,a83aed00,3.47E+16,叫地主
131.212,1,25,16777215,2018/5/6,0,a83aed00,3.47E+16,马厨师这是什么焗
204.392,1,25,16777215,2018/5/6,0,a83aed00,3.47E+16,这焗真经典
283.426,1,25,16777215,2018/5/6,0,a83aed00,3.47E+16,炒肾
327.634,1,25,16777215,2018/5/6,0,87408cd8,3.47E+16,省了个果子。细节
325.364,1,25,16707842,2018/5/6,0,1f19206c,3.47E+16,？？？？？？？？？？？？？？？？
368.04,1,25,16777215,2018/5/6,0,3dc0036f,3.47E+16,亡者模式
488.78,1,25,16777215,2018/5/6,0,3dc0036f,3.47E+16,一点点给了你多少钱我贡茶给双倍
105.764,1,25,16777215,2018/5/6,0,a79f401d,3.47E+16,粽柿焗
244.613,1,25,16777215,2018/5/6,0,ee84f6ab,3.47E+16,邪键仙
52.199,1,18,14811775,2018/5/6,0,b1f1ebc3,3.47E+16,哈哈
162.839,1,18,14811775,2018/5/6,0,b1f1ebc3,3.47E+16,101分
181.523,5,25,16646914,2018/5/6,0,7cf1f909,3.47E+16,战绩呢？？
410.433,1,25,16777215,2018/5/6,0,4666f375,3.47E+16,芜锁胃
408.951,5,25,14811775,2018/5/6,0,4666f375,3.47E+16,芜锁胃
34.242,1,25,16777215,2018/5/6,0,1c183ba5,3.47E+16,hahahahahahaahah
334.842,1,25,16777215,2018/5/6,0,1786c4b7,3.47E+16,？
115.676,1,25,16777215,2018/5/6,0,705e5a4d,3.47E+16,泥盆纪
486.531,1,25,16777215,2018/5/6,0,61c5b682,3.47E+16,老十面埋伏了
3.499,1,25,16777215,2018/5/6,0,45fae82a,3.47E+16,考试前过来看一下
333.876,1,25,16777215,2018/5/6,0,8ab1241b,3.47E+16,？
64.538,1,25,16777215,2018/5/6,0,37615aa6,3.47E+16,肉蛋葱鸡
100.235,1,25,16777215,2018/5/6,0,e698c0b9,3.47E+16,病危时期
161.926,1,25,16777215,2018/5/6,0,ae812e1d,3.47E+16,………………
209.606,5,25,16777215,2018/5/6,0,ae812e1d,3.47E+16,哈哈哈哈哈
252.72,1,25,16777215,2018/5/6,0,8152eb6e,3.47E+16,ikllkv。n？
264.646,5,25,16777215,2018/5/6,0,ae812e1d,3.47E+16,哈哈哈
305.806,5,25,16777215,2018/5/6,0,ae812e1d,3.47E+16,哈哈哈
364.846,5,25,16777215,2018/5/6,0,ae812e1d,3.47E+16,哈哈哈哈哈哈
338.025,1,25,16777215,2018/5/6,0,8ee25917,3.47E+16,是想把青钢影炸回来配合下路杀？
547.46,5,25,15138834,2018/5/6,0,56fff718,3.47E+16,四字方针
336.717,1,25,16777215,2018/5/6,0,7ea5b976,3.47E+16,？？？
149.459,1,25,16777215,2018/5/6,0,9961cda3,3.47E+16,黄金就能吊打你大司爹了
390.26,1,25,16777215,2018/5/6,0,9961cda3,3.47E+16,马老尸是荣耀王者别噶黑
386.946,1,25,16777215,2019/5/9,0,c58d4681,3.47E+16,这一局是最经典的，全员发病
205.703,1,25,15138834,2019/5/9,0,5ca05b0c,3.47E+16,每次玩酒桶就会发病
68.56,1,25,16777215,2019/5/9,0,f485cd35,3.47E+16,"Chicken with meat, egg and onion"
263.593,1,25,16777215,2019/5/9,0,886a4484,3.47E+16,超神的埋了吧
248.839,5,25,15138834,2019/5/9,0,54d150dc,3.47E+16,呐呐呐呐呐呐呐呐呐呐呐
211.719,5,25,15138834,2019/5/9,0,cdccb1b5,3.47E+16,《我到底会不会》
55.061,1,25,16777215,2019/5/9,0,cabc3616,3.47E+16,致命节奏酒桶哈哈哈
91.698,1,25,16777215,2019/5/9,0,cabc3616,3.47E+16,入土期
87.728,1,25,16777215,2019/5/9,0,85212abb,3.47E+16,肉弾衝撃
211.48,5,25,15138834,2019/5/9,0,f776f8bc,3.47E+16,马哲
10.905,1,25,16777215,2019/5/9,0,20aaacf,3.47E+16,虾饭
11.363,1,25,16777215,2019/5/9,0,a22ed4fc,3.47E+16,要素过多
8.135,1,25,16777215,2019/5/9,0,cc588fc8,3.47E+16,下饭专家
31.502,1,25,16777215,2019/5/9,0,cc588fc8,3.47E+16,飞
102.035,1,25,16777215,2019/5/9,0,51a5742e,3.47E+16,粽柿焗
215.774,1,25,16777215,2019/5/9,0,c22af83c,3.47E+16,哈哈哈哈哈
181.702,1,25,16777215,2019/5/9,0,dbc98c47,3.47E+16,塞翁眼镜
420.902,1,25,16777215,2019/5/9,0,dbc98c47,3.47E+16,老头七了
241.294,1,25,16777215,2019/5/9,0,3a28732b,3.48E+16,狮子狗不进草，，，就很帅
305.425,1,25,15138834,2019/5/9,0,bf2361df,3.48E+16,赛文·马哲
188.591,1,25,16777215,2019/5/9,0,f67cc9d3,3.48E+16,名场面
371.369,1,25,16777215,2019/5/9,0,6f1d0f46,3.48E+16,都吃撑了
157.657,1,25,16777215,2019/5/9,0,f4b3e21f,3.48E+16,吸血怎么说，吸血
227.96,1,25,16777215,2019/5/9,0,f4b3e21f,3.48E+16,吸血怎么说，吸血！
103.26,1,25,16777215,2019/5/9,0,eb986839,3.48E+16,糕熟
244.479,1,25,16777215,2019/5/9,0,eb986839,3.48E+16,句句经典
337.614,1,25,16777215,2019/5/9,0,569ced5d,3.48E+16,？？
344.02,1,25,16777215,2019/5/9,0,7bcfbaa0,3.48E+16,???
309.677,1,25,16777215,2019/5/9,0,7f69d4c1,3.48E+16,芜苔
319.594,1,25,16777215,2019/5/9,0,977f9b8b,3.48E+16,好家伙
73.615,1,25,16777215,2019/5/9,0,43b1af52,3.48E+16,小病已经挡不到我了
192.125,5,25,15138834,2019/5/9,0,e638291c,3.48E+16,细 思 极 恐
330.256,1,25,16777215,2019/5/9,0,e04c62cb,3.48E+16,？？？！
341.578,1,25,16777215,2019/5/9,0,e04c62cb,3.48E+16,这个贼好玩，注意石头人语音
432.788,1,25,16777215,2019/5/9,0,8404a000,3.48E+16,有的时候真的挺烦队友在你都走不掉的时候给你发信号
333.03,1,25,16777215,2019/5/9,0,a70a8a47,3.48E+16,？？？？
185.784,1,25,16777215,2019/5/9,0,3fb2378b,3.48E+16,文艺复兴
346.28,1,25,15138834,2019/5/9,0,7ea2555,3.48E+16,？？？？？？
98.561,1,25,16777215,2019/5/9,0,f14b64dc,3.48E+16,弹演早
255.913,1,25,16777215,2019/5/9,0,3b023b2,3.48E+16,炒肾
43.135,1,25,16777215,2019/5/9,0,e94a840a,3.48E+16,平a平a算了
14.539,1,25,16777215,2019/5/9,0,bdc4d8d2,3.48E+16,激素过多
21.419,1,25,16777215,2019/5/9,0,bdc4d8d2,3.48E+16,开始恰饭了朋友
450.282,1,25,16777215,2019/5/9,0,41a9e53,3.48E+16,亿刀
31.806,1,25,16777215,2019/5/9,0,8f338ed4,3.48E+16,好家伙
229.417,1,25,16777215,2019/5/9,0,8f338ed4,3.48E+16,吸血怎么说
340.483,1,25,16777215,2019/5/9,0,b65a0355,3.48E+16,？？？？？
397.663,1,25,16777215,2019/5/9,0,3103f592,3.48E+16,这局太经典了
10.274,1,25,16777215,2019/5/9,0,5.26E+35,3.48E+16,好
290.728,1,25,16777215,2019/5/9,0,1780413,3.48E+16,老唐僧了
382.868,1,25,16777215,2019/5/9,0,7a18ccb5,3.48E+16,好崩！撤！卖！溜！
294.271,5,25,16777215,2019/5/9,0,4ecee31f,3.48E+16,他用嘴超神一直可以的
541.564,1,25,16777215,2019/5/9,0,8db10bcd,3.48E+16,收到
372.669,1,25,16777215,2019/5/9,0,fd3386d0,3.48E+16,.
444.35,1,25,16777215,2019/5/9,0,7a2aace9,3.48E+16,刮痧
230.567,1,25,16777215,2019/5/9,0,328fbf63,3.48E+16,吸血怎么说 吸血
66.406,1,25,16777215,2019/5/9,0,457b194c,3.48E+16,肉弹冲击
191.412,1,25,16777215,2019/5/9,0,457b194c,3.48E+16,哈哈哈哈
361.138,1,25,16777215,2019/5/9,0,457b194c,3.48E+16,哈哈哈哈
408.511,1,25,16777215,2019/5/9,0,eaed2a50,3.48E+16,这句话真的有道理，有些打野抓人必须抓死，要不然直接崩节奏
156.82,1,25,16777215,2019/5/9,0,4c1a8e42,3.48E+16,注意我的操作和腌制
190.511,5,25,16777215,2019/5/9,0,bef05ad4,3.48E+16,赛文～赛文赛文赛文～赛文！
229.167,5,25,16777215,2019/5/9,0,bef05ad4,3.48E+16,嘴硬高峰期
35.229,1,25,16777215,2019/5/9,0,8017bb70,3.48E+16,开局经典
54.728,1,25,16777215,2019/5/9,0,8017bb70,3.48E+16,前方高能
70.728,1,25,16777215,2019/5/9,0,8017bb70,3.48E+16,合影
80.73,1,25,16777215,2019/5/9,0,8017bb70,3.48E+16,芜湖名菜
117.73,1,25,16777215,2019/5/9,0,8017bb70,3.48E+16,鱼缸是晚期了
200.73,1,25,16777215,2019/5/9,0,8017bb70,3.48E+16,老千层饼了
227.241,1,25,16777215,2019/5/9,0,8017bb70,3.48E+16,马哲
249.794,1,25,16777215,2019/5/9,0,8017bb70,3.48E+16,掏鸟
257.293,1,25,16777215,2019/5/9,0,8017bb70,3.48E+16,呐呐呐
397.545,1,25,16777215,2019/5/9,0,8017bb70,3.48E+16,饮水机时期
498.774,1,25,16777215,2019/5/9,0,8017bb70,3.48E+16,经典龟丞相
530.025,1,25,16777215,2019/5/9,0,8017bb70,3.48E+16,四字箴言
530.025,1,25,16777215,2019/5/9,0,8017bb70,3.48E+16,全文背诵
530.025,1,25,16777215,2019/5/9,0,8017bb70,3.48E+16,传世经典
139.618,1,25,16777215,2019/5/9,0,a72b9c7b,3.48E+16,国服没王者段位
30.462,1,25,16777215,2019/5/9,0,c9910696,3.48E+16,全文背诵
17.299,1,25,16777215,2019/5/9,0,1cde2b33,3.48E+16,片头就饱了
14.705,1,25,16777215,2019/5/9,0,8ebaf85,3.48E+16,你在看什么
210.75,1,25,16777215,2019/5/9,0,c222532,3.48E+16,因为你不烩 所以你才烩
110.031,5,25,16777215,2019/5/9,0,1ad320cb,3.48E+16,不叫
116.073,5,25,38979,2019/5/9,0,79f1d7a8,3.48E+16,丹娜，谢鬼，卢香，刘娜
186.431,5,25,38979,2019/5/9,0,79f1d7a8,3.48E+16,经典赛文失马
535.795,1,25,16777215,2019/5/9,0,56f256ec,3.48E+16,四字真言！
404.253,1,25,16777215,2019/5/9,0,eabd6e98,3.48E+16,确实
279.24,1,25,16777215,2019/5/9,0,96c4fc1a,3.48E+16,对面超神了没什么问题啊
22.079,1,25,6830715,2019/5/9,0,542dbd17,3.48E+16,飞飞飞飞飞飞飞飞飞飞飞飞飞飞
104.446,1,25,16777215,2019/5/9,0,4f8387dd,3.48E+16,癌症晚期
93.04,1,25,16777215,2019/5/9,0,107cc4b9,3.48E+16,粽司焗ji
212.528,1,25,16777215,2019/5/9,0,ccdc901,3.48E+16,大师我悟了大师
422.908,1,25,16777215,2019/5/9,0,1a3e63fd,3.48E+16,经典七年亡者
195.462,1,25,16777215,2019/5/9,0,f6732bbb,3.48E+16,而我在第5层
332.72,1,25,16777215,2019/5/9,0,b66d0cec,3.48E+16,？？？？？？？？？？？？？？
138.35,1,25,16777215,2019/5/9,0,441262f8,3.48E+16,毕竟弹幕人均大师
222.339,5,25,16777215,2019/5/9,0,14b5985a,3.48E+16,呐呐呐呐呐呐呐
334.308,1,25,16777215,2019/5/9,0,3f455fc0,3.48E+16,离普
342.841,1,25,16777215,2019/5/9,0,3f455fc0,3.48E+16,？？？
452.303,1,25,16777215,2019/5/9,0,3f455fc0,3.48E+16,刮痧
184.602,1,25,16777215,2019/5/9,0,98a4fde9,3.48E+16,经典赛文眼镜
493.789,1,25,16777215,2019/5/9,0,3f455fc0,3.48E+16,笑了
364.223,1,25,16777215,2019/5/9,0,fb7a4121,3.48E+16,skr
134.356,1,25,16777215,2019/5/9,0,24d86b74,3.48E+16,因为15就投了
334.475,1,25,16777215,2019/5/9,0,9a1a7b28,3.48E+16,？
24.261,1,25,16777215,2019/5/9,0,d735daf3,3.48E+16,飞飞飞
335.813,1,25,16777215,2019/5/9,0,2ce8d525,3.48E+16,?
68.895,1,25,16777215,2019/5/9,0,adbb9eed,3.48E+16,千古绝唱
183.921,1,25,16777215,2019/5/9,0,94ef302b,3.48E+16,马老师你在第几层
271.636,1,25,16777215,2019/5/9,0,83a7d4b9,3.48E+16,是对面 太强了 别怪他
332.497,1,25,16777215,2019/5/9,0,c0169cfb,3.48E+16,？？？
189.516,1,25,16777215,2019/5/9,0,f5627f26,3.49E+16,你只看到了平流层，而你把我想成了对流层，实际上我在逸散层
276.992,1,25,16777215,2019/5/9,0,f54d1a23,3.49E+16,说超神的铁孝子了
104.299,1,25,16777215,2019/5/9,0,94651322,3.49E+16,皋手
336.36,1,25,16777215,2019/5/9,0,d02a689e,3.49E+16,？？？？？？？
334.975,1,25,16777215,2019/5/9,0,593e3c66,3.49E+16,一局游戏4个素材是可以的
396.244,1,25,16777215,2019/5/9,0,593e3c66,3.49E+16,5个
30.865,1,25,16777215,2019/5/9,0,f27b6f06,3.49E+16,单押
353.845,1,25,16777215,2019/5/9,0,f27b6f06,3.49E+16,双押
222.846,1,25,16777215,2019/5/9,0,37161b72,3.49E+16,吸血怎么说，吸血
10.179,1,25,16777215,2019/5/9,0,41773f4e,3.49E+16,。。。
238.313,1,25,16777215,2019/5/9,0,ad2b2f49,3.49E+16,这狮子狗开大跳不到人，怕不是黑铁
19.226,1,25,16777215,2019/5/9,0,bcdbd89d,3.49E+16,传世经典
115.262,1,25,16777215,2019/5/9,0,27e4c531,3.49E+16,经典丹娜
381.98,1,25,16777215,2019/5/9,0,94e62e1c,3.49E+16,鱼缸时期
383.522,1,25,16777215,2019/5/9,0,27e4c531,3.49E+16,老孟德了
123.211,1,25,16777215,2019/5/9,0,bb706294,3.49E+16,经典双线程
9.099,1,25,16777215,2019/5/9,0,ab9a2bfa,3.49E+16,开始煮饭
65.639,1,25,16777215,2019/5/9,0,ab9a2bfa,3.49E+16,肉弹冲击
174.279,1,25,16777215,2019/5/9,0,ab9a2bfa,3.49E+16,就硬拖
214.459,1,25,16777215,2019/5/9,0,ab9a2bfa,3.49E+16,像个哲学家写散文一样
247.36,5,25,15138834,2019/5/9,0,eab7bcaf,3.49E+16,不，你连黑铁都谈不上
180.605,1,25,16777215,2019/5/9,0,a92ea392,3.49E+16,引起，只看到了第二层
245.883,1,25,16777215,2019/5/9,0,e1b50332,3.49E+16,会
9.659,1,25,16777215,2019/5/9,0,b53334a7,3.49E+16,你不烩
116.139,1,25,16777215,2019/5/9,0,b53334a7,3.49E+16,错失地主
167.579,1,25,16777215,2019/5/9,0,b53334a7,3.49E+16,原地等死
185.302,1,25,16777215,2019/5/9,0,b53334a7,3.49E+16,层层恐惧
240.657,1,25,16777215,2019/5/9,0,b53334a7,3.49E+16,经典掏鸟
334.132,1,25,16777215,2019/5/9,0,b53334a7,3.49E+16,???????
147.334,1,25,16777215,2019/5/9,0,48999f0d,3.49E+16,开启王者模式
286.56,1,25,16707842,2019/5/9,0,f485cd35,3.49E+16,《舞台》
337.095,1,25,16777215,2019/5/9,0,450d6880,3.49E+16,？？？？？？？？？？？
346.543,1,25,16777215,2019/5/9,0,450d6880,3.49E+16,？？？？？
355.801,1,25,16777215,2019/5/9,0,450d6880,3.49E+16,？？？？
442.703,1,25,16777215,2019/5/9,0,f53a1b11,3.49E+16,搁着刮痧呢
180.063,1,25,16777215,2019/5/9,0,aae6677b,3.49E+16,经典赛文眼镜
517.552,1,25,16777215,2019/5/9,0,aae6677b,3.49E+16,马老师的什么成分
329.936,1,25,16777215,2019/5/9,0,3ce62a90,3.49E+16,？？？？？？？
255.817,1,25,16777215,2019/5/9,0,7f37749e,3.49E+16,你们会不会吃奥利给？
339.268,1,25,16777215,2019/5/9,0,ec6dfd20,3.49E+16,？
343.528,1,25,16777215,2019/5/9,0,2e432d57,3.49E+16,？？？？？？？？？？？？？？？？？？？？
326.698,1,25,16777215,2019/5/9,0,41701d75,3.49E+16,经典广东芜湖人
334.486,1,25,16777215,2019/5/9,0,5e45687f,3.49E+16,？？？？？？？？？？？？？？？///
529.271,5,25,16646914,2019/5/9,0,5e45687f,3.49E+16,言         出       法     随
209.432,1,25,16777215,2019/5/9,0,c5711bb0,3.49E+16,传世经典
545.328,1,25,16777215,2019/5/9,0,b366a460,3.49E+16,《四书》
12.219,1,25,16777215,2019/5/9,0,e6e1916f,3.49E+16,红皮ya子
36.532,1,25,16777215,2019/5/9,0,2a29fc7a,3.49E+16,这锅的温度不好
117.544,1,25,16777215,2019/5/9,0,2a29fc7a,3.49E+16,你菜的像个大师
324.025,1,25,16777215,2019/5/9,0,2a29fc7a,3.49E+16,提前?
332.992,1,25,16777215,2019/5/9,0,2a29fc7a,3.49E+16,?????
70.698,1,18,15138834,2019/5/9,0,3144415c,3.49E+16,小病已经挡不到我了
196.59,1,25,16777215,2019/5/9,0,efba0b2b,3.49E+16,我在下一张饼你里
31.046,1,25,16777215,2019/5/9,0,4c6d14ab,3.49E+16,飞飞飞飞飞飞
176.583,1,25,16777215,2019/5/9,0,13b78ed7,3.49E+16,老拖逼了
91.167,1,25,16777215,2019/5/9,0,4fa529cd,3.49E+16,能
107.536,1,25,16777215,2019/5/9,0,4fa529cd,3.49E+16,奥斯奥斯
212.969,1,25,16777215,2019/5/9,0,4fa529cd,3.49E+16,会
317.422,1,25,16777215,2019/5/9,0,26f06039,3.49E+16,不赌就不会输了
490.82,1,25,16777215,2019/5/9,0,812a2a0b,3.49E+16,污渍 永远嘀神！
23.137,1,25,16777215,2019/5/9,0,d35c498e,3.49E+16,下饭
30.36,1,25,16777215,2019/5/9,0,45b0de05,3.49E+16,飞飞飞飞飞飞飞飞3
331.62,1,25,16777215,2019/5/9,0,b66d0cec,3.49E+16,？？？？？？？？
2.219,1,25,16777215,2019/5/9,0,1cca6aa2,3.49E+16,崩撤卖溜，这么多年我就学了这四个字。
8.539,1,25,16777215,2019/5/9,0,1cca6aa2,3.49E+16,崩，撤，卖，溜。这么多年就学会这四个字。
106.9,1,25,15138834,2019/5/9,0,bf6cc9ec,3.49E+16,睾手
333.548,1,25,16777215,2019/5/9,0,7a3088c5,3.49E+16,？？？？？？
362.913,1,25,16777215,2019/5/9,0,f1f86303,3.49E+16,skr
383.993,1,25,16777215,2019/5/9,0,f1f86303,3.49E+16,老曹操了
452.039,1,25,16777215,2019/5/9,0,22da0694,3.49E+16,老伐木工了
63.702,1,25,16777215,2019/5/9,0,4093040f,3.49E+16,原声大碟
146.159,1,25,16777215,2019/5/9,0,dab8193,3.49E+16,国服顶尖厨艺
322.786,1,25,16777215,2019/5/9,0,83b092ca,3.49E+16,？
333.82,1,25,16777215,2019/5/9,0,3aa2b2d2,3.49E+16,?
529.58,1,25,16777215,2019/5/9,0,3aa2b2d2,3.49E+16,mxz还挺多
47.956,5,25,15138834,2019/5/9,0,b4cf7c23,3.49E+16,马老师这波是什么啊
57.897,5,25,15138834,2019/5/9,0,b4cf7c23,3.49E+16,马老师这钵是什么啊
69.266,1,25,16777215,2019/5/9,0,823b1fff,3.49E+16,小病已经挡不到我了，我已经进ICU了
5.276,1,25,16777215,2019/5/9,0,8dd16c3,3.49E+16,肉弹冲击
21.857,1,25,15138834,2019/5/9,0,8dd16c3,3.49E+16,飞飞飞飞飞飞飞飞飞
336.003,1,25,15138834,2019/5/9,0,8dd16c3,3.49E+16,？？？？？？？？？？？
365.392,1,25,16777215,2019/5/9,0,7bd9c2f0,3.49E+16,skr
283.775,1,25,16777215,2019/5/9,0,eb4a9658,3.49E+16,/fly
438.603,1,25,16777215,2019/5/9,0,3ceb5ec6,3.49E+16,经典龟丞相
130.579,1,25,16777215,2019/5/9,0,9b30e307,3.49E+16,马老师完ez打野很厉害 别尬黑
223.251,1,25,16777215,2019/5/9,0,9b30e307,3.49E+16,头罚球
90.459,1,25,16777215,2019/5/9,0,144101c5,3.50E+16,眼刀
331.001,1,25,16777215,2019/5/9,0,3d6d23a4,3.50E+16,？？？
245.942,1,25,16777215,2019/5/9,0,4e5ff377,3.50E+16,呐呐呐呐呐呐呐呐呐呐呐呐呐呐呐呐呐呐呐呐呐呐呐呐呐呐呐呐呐呐呐呐呐呐呐呐呐呐呐呐呐呐呐呐呐呐呐呐呐呐呐呐呐呐呐呐呐呐呐呐呐呐呐呐呐呐呐呐呐呐呐呐呐呐呐呐呐呐呐呐呐
206.279,1,25,16777215,2019/5/9,0,e698c0b9,3.50E+16,病危时期
118.71,1,25,16777215,2019/5/9,0,55b1aa92,3.50E+16,康二世
341.617,1,25,16777215,2019/5/9,0,70c65897,3.50E+16,？？？？？？？？？？？
243.603,1,25,16777215,2019/5/9,0,2a9a96d3,3.50E+16,02，会不会是我的
77.419,1,25,16777215,2019/5/9,0,acc17b7c,3.50E+16,上古版本
432.361,1,25,16777215,2019/5/9,0,4956cde0,3.50E+16,胜吃十口饭
60.86,5,25,16776960,2019/5/9,0,baf38200,3.50E+16,光翼展开
83.627,5,25,16776960,2019/5/9,0,baf38200,3.50E+16,肉蛋葱鸡
192.482,5,25,16776960,2019/5/9,0,baf38200,3.50E+16,千层饼
216.139,5,25,16776960,2019/5/9,0,baf38200,3.50E+16,芜湖起飞
247.246,5,25,16776960,2019/5/9,0,baf38200,3.50E+16,战术死亡
247.694,1,25,16777215,2019/5/9,0,17101a14,3.50E+16,完全不会
270.639,1,25,16777215,2019/5/9,0,b47a0551,3.50E+16,这把真超神了
336.708,1,25,16777215,2019/5/9,0,3681685b,3.50E+16,那你无法理解亡者的操作
252.699,1,25,16777215,2019/5/9,0,45c7229a,3.50E+16,会会会
454.981,1,25,16777215,2019/5/9,0,f8164aaa,3.50E+16,这拉屏
326.121,1,25,16777215,2019/5/9,0,fd9b80b4,3.50E+16,？？？？？？？？？？？？？
182.222,1,25,16777215,2019/5/9,0,19fa1800,3.50E+16,215定律
312.784,1,25,16777215,2019/5/9,0,26e55287,3.50E+16,这波对面如果上来了，就牛壁了
220.326,1,25,16777215,2019/5/9,0,a61be418,3.50E+16,全文背诵
438.333,1,25,16777215,2019/5/9,0,60e35f0b,3.50E+16,我觉得确实，抓不到留不抓，拿资源
94.484,1,25,16777215,2019/5/9,0,5625d3b7,3.50E+16,JUBAOXIA
222.868,1,25,16777215,2019/5/9,0,5a61ac16,3.50E+16,吸血怎么说
192.948,1,25,16777215,2019/5/9,0,af772b4e,3.50E+16,赛文眼镜
467.174,1,25,16777215,2019/5/9,0,5ce219ce,3.50E+16,夺夺夺夺夺
30.292,1,25,16777215,2019/5/9,0,81e12dc5,3.50E+16,快去复习要考试了！！！！
186.131,1,25,16777215,2019/5/9,0,16190fda,3.50E+16,经典赛文眼镜
245.871,1,25,16777215,2019/5/9,0,5f5b261a,3.50E+16,老氯化钠了
250.531,1,25,16777215,2019/5/9,0,5f5b261a,3.50E+16,氯化钠
243.793,1,25,16777215,2019/5/9,0,a4845a24,3.50E+16,经典rap手势
25,1,25,16777215,2019/5/9,0,50e5c1,3.50E+16,又到了饭点
201.046,1,25,16777215,2019/5/9,0,aae6677b,3.50E+16,赛文赛文赛文
204.689,1,25,16777215,2019/5/9,0,275fff1f,3.50E+16,真想打碎你的赛文眼镜
337.9,1,25,16777215,2019/5/9,0,8a939b7d,3.50E+16,？？？？？？？？？？
248.263,1,25,16777215,2019/5/9,0,8d067aa8,3.50E+16,初音未来会不会嫁给我
61.64,5,25,15138834,2019/5/9,0,9f65ef5b,3.50E+16,この波よ、この波は肉蛋葱鶏
209.624,1,25,16777215,2019/5/9,0,d15f5800,3.50E+16,技术没的说，伤害达不到
260.992,1,25,16777215,2019/5/9,0,6eb3e3e,3.50E+16,人云
3.882,1,18,16777215,2019/5/9,0,6f1d0f46,3.50E+16,还真就那个究极自助餐
460.649,1,25,16777215,2019/5/9,0,5d070053,3.51E+16,无尽怒火
24.118,1,25,16777215,2019/5/9,0,4fe1bda6,3.51E+16,我黑切呢
49.921,1,25,16777215,2019/5/9,0,af8ca63,3.51E+16,马老师这波是什么
338.046,1,25,16777215,2019/5/9,0,79b7124e,3.51E+16,?？?？?？?？?？?
254.026,1,25,16777215,2019/5/9,0,4f5727cb,3.51E+16,因为你不会，所以你才会
98.13,1,25,16777215,2019/5/9,0,7d4bc231,3.51E+16,监狱时期
280.484,1,25,16777215,2019/5/9,0,306f2b86,3.51E+16,超个毛线了，mxz被动触发开洗了？
543.481,5,25,15138834,2019/5/9,0,3558557a,3.51E+16,四 项 基 本 原 则
1.314,1,25,16777215,2019/5/9,0,f6b4da1b,3.51E+16,暂停成功
6.094,1,25,16777215,2019/5/9,0,f6b4da1b,3.51E+16,暂停成功
3.179,5,25,15138834,2019/5/9,0,c6e273b0,3.51E+16,经 典 咏 流 传
278.004,1,25,16777215,2019/5/9,0,8a5a76ee,3.51E+16,鸡沙是有荠蒜的
384.931,5,25,15138834,2019/5/9,0,b187064e,3.51E+16,老奸雄了
384.546,5,25,15138834,2019/5/9,0,b187064e,3.51E+16,老曹操了
387.012,5,25,15138834,2019/5/9,0,b187064e,3.51E+16,老阿瞒了
327.507,1,25,16777215,2019/5/9,0,eec8781,3.51E+16,？
101.951,1,25,16777215,2019/5/9,0,b9cde909,3.51E+16,宗师会选菜刀队吗
168.702,5,25,15138834,2019/5/9,0,70b50f1b,3.51E+16,理 直 气 壮
336.025,1,25,16777215,2019/5/9,0,b5855f93,3.51E+16,？
97.55,5,25,15138834,2019/5/9,0,ebb119b3,3.51E+16,ID离谱
303.855,1,25,16777215,2019/5/9,0,60c35b0c,3.51E+16,10个名场面，9个啤酒人
332.68,1,25,16777215,2019/5/9,0,fc4992d0,3.51E+16,？？？
351.506,1,25,16777215,2019/5/9,0,1ad3e154,3.51E+16,彳亍 不 彳亍
207.182,1,25,16777215,2019/5/9,0,f878d9a8,3.51E+16,哈哈哈哈哈哈哈哈哈哈哈哈哈哈
383.302,1,25,16777215,2019/5/9,0,f878d9a8,3.51E+16,哈哈哈哈哈哈哈
552.53,1,25,16777215,2019/5/9,0,52990d3e,3.51E+16,哈哈哈哈哈
338.496,1,25,16777215,2019/5/9,0,8e26a309,3.51E+16,?????????????????
14.099,1,25,16777215,2019/5/9,0,46ba73cb,3.51E+16,起飞
340.338,1,25,16777215,2019/5/9,0,9fb7d1be,3.51E+16,????????????????????????????????????????????????????????????????????????????????????????????????????
414.928,1,25,16777215,2019/5/9,0,870e4458,3.51E+16,大四喜了
120.642,1,25,16777215,2019/5/9,0,cc88428e,3.51E+16,安娜
134.023,1,25,16777215,2019/5/9,0,cc88428e,3.51E+16,安娜
334.976,1,25,16777215,2019/5/9,0,5e45687f,3.51E+16,》》》》》》》》》》》》？？？？？？？？？？？？？？？？？？？？？？？？？？？？？？？？？？？？？？？
404.437,1,25,16777215,2019/5/9,0,97d32919,3.51E+16,又是这把
441.707,1,25,16777215,2019/5/9,0,97d32919,3.51E+16,一刀
334.386,1,25,16777215,2019/5/9,0,703c0132,3.51E+16,？？？？？？？？？？？？？？？？？？？？？？？？？？？
289.7,1,25,16777215,2019/5/9,0,29f9c378,3.51E+16,没有超神
47.65,1,25,16777215,2019/5/9,0,a94a01f,3.51E+16,致病节奏
48.99,5,25,15138834,2019/5/9,0,a94a01f,3.51E+16,经典致病节奏
244.311,1,25,16777215,2019/5/9,0,5a9f41b4,3.51E+16,会
324.921,1,25,16777215,2019/5/9,0,5a9f41b4,3.51E+16,哈哈
246.038,1,25,16777215,2019/5/9,0,ae341eef,3.51E+16,完全不会
294.319,1,25,16777215,2019/5/9,0,def21ad7,3.51E+16,还是同一把啤酒人 这把真的传世经典
19.126,1,25,16777215,2019/5/9,0,ee5cc12,3.51E+16,n刷
90.961,1,25,16777215,2019/5/9,0,1bbc1816,3.51E+16,宗司局
384.978,1,25,16777215,2019/5/9,0,1bbc1816,3.51E+16,老孟德i
494.636,1,25,16777215,2019/5/9,0,b1239679,3.51E+16,hhhhhhhhhhh
346.835,1,25,16777215,2019/5/9,0,84556f0b,3.51E+16,？？？？？
134.167,1,25,16777215,2019/5/9,0,ed45d7f1,3.51E+16,因为15分钟就不需要带了
328.278,1,25,16777215,2019/5/9,0,dab05655,3.51E+16,？？？？？？？？？
425.908,1,25,16777215,2020/5/9,0,dab05655,3.51E+16,老耶稣了
436.498,1,25,16777215,2020/5/9,0,dab05655,3.51E+16,破败我是没想到的
458.278,1,25,16777215,2020/5/9,0,dab05655,3.51E+16,一刀
98.462,1,25,16777215,2020/5/9,0,50bccf2c,3.51E+16,这把我们就遇到了高手了
297.3,1,25,16777215,2020/5/9,0,f5ba80a9,3.51E+16,在等那个经典名句，回首掏，鬼刀一开看不见
59.881,5,25,38979,2020/5/9,0,b5d60c51,3.51E+16,马老师，这钵是什么？
66.951,1,25,16777215,2020/5/9,0,34c1a49a,3.51E+16,钵
240.585,1,25,16777215,2020/5/9,0,e8efd6a,3.51E+16,经典掏鸟
249.913,1,25,16777215,2020/5/9,0,e8efd6a,3.51E+16,呐呐呐呐
94.882,5,25,41194,2020/5/9,0,a9f0deda,3.51E+16,瑞文id瞩目
338.354,1,25,16777215,2020/5/9,0,7b937e65,3.51E+16,？？？
339.42,1,25,14811775,2020/5/9,0,d0286575,3.51E+16,？？？？？？？？？…
10.551,1,25,16777215,2020/5/9,0,b185e8b1,3.51E+16,1
49.786,1,25,16777215,2020/5/9,0,8cdeb686,3.51E+16,马老师这波是神魔
496.424,1,25,16777215,2020/5/9,0,48169340,3.51E+16,真的好捞啊
103.86,5,25,16707842,2020/5/9,0,c363344b,3.52E+16,睾手
331.569,1,25,16777215,2020/5/9,0,e0ea70a7,3.52E+16,？？？
330.593,1,25,16777215,2020/5/9,0,6d4a222c,3.52E+16,？？？？？
19.58,1,25,16777215,2020/5/9,0,23e417f9,3.52E+16,提前开饭
328.592,1,25,16777215,2020/5/9,0,886b6b4a,3.52E+16,？？？？？？？？
364.393,1,25,16777215,2020/5/9,0,bc555320,3.52E+16,《自知》
189.778,1,25,15138834,2020/5/9,0,1b3b8a0f,3.52E+16,害怕
194.158,5,25,15138834,2020/5/9,0,1b3b8a0f,3.52E+16,害怕
362.047,1,25,16777215,2020/5/9,0,37d46a33,3.52E+16,skr
331.832,1,25,52480,2020/5/9,0,d72ea060,3.52E+16,？？？？？？？？？？？？？？？
515.462,1,25,16777215,2020/5/9,0,ae341eef,3.52E+16,有一说一，这个瑞兹不该上的
248.717,1,25,16777215,2020/5/9,0,a5b3efc4,3.52E+16,完全不会
238.804,1,25,16777215,2020/5/9,0,a9dbfebd,3.52E+16,02，会不会给我生孩子？
346.671,1,25,16777215,2020/5/9,0,bf9e9cbf,3.52E+16,瞬间问号满屏
79.46,1,25,16777215,2020/5/9,0,35146240,3.52E+16,肉蛋葱鸡
516.582,1,25,16777215,2020/5/9,0,cde7a4fa,3.52E+16,不行了不行了这里太上头了笑死我了
214.153,1,25,16777215,2020/5/9,0,bd455cf7,3.52E+16,中专都是人上人
284.585,1,25,16777215,2020/5/9,0,bd455cf7,3.52E+16,经典嘴硬
299.285,1,25,16777215,2020/5/9,0,bd455cf7,3.52E+16,队友上当
345.805,1,25,16777215,2020/5/9,0,bd455cf7,3.52E+16,墨汁若飞特
351.925,1,25,16777215,2020/5/9,0,bd455cf7,3.52E+16,烙德一
547.01,1,25,16777215,2020/5/9,0,bd455cf7,3.52E+16,中路复活光速接锅
93.12,1,25,16777215,2020/5/9,0,327d4fcd,3.52E+16,能
231.342,1,25,16777215,2020/5/9,0,327d4fcd,3.52E+16,大师我悟了
248.948,1,25,16777215,2020/5/9,0,327d4fcd,3.52E+16,会
334.145,1,25,16777215,2020/5/9,0,327d4fcd,3.52E+16,？
374.234,1,25,16777215,2020/5/9,0,327d4fcd,3.52E+16,王者模式
496.271,1,25,16777215,2020/5/9,0,327d4fcd,3.52E+16,夺夺夺夺夺夺
417.04,1,25,16777215,2020/5/9,0,b30d4921,3.52E+16,其实说的挺有道理，抓不到就不抓了，去刷野控资源嘛
29.7,5,25,16707842,2020/5/9,0,8f602242,3.52E+16,经典发病棉袄
352.385,1,25,16777215,2020/5/9,0,af2f39c,3.52E+16,德鲁一
253.903,1,25,16777215,2020/5/9,0,998af21c,3.52E+16,会
337.344,1,25,16777215,2020/5/9,0,998af21c,3.52E+16,？？？？？？？？？？？？？？？？
58.38,1,25,16777215,2020/5/9,0,d2316070,3.52E+16,致命节奏！
333.478,1,25,16777215,2020/5/9,0,6fdc795,3.52E+16,？？？？
285.435,1,25,16777215,2020/5/9,0,c0375225,3.52E+16,里在干什膜
337.925,1,25,16777215,2020/5/9,0,c99406a6,3.52E+16,???
247.924,1,25,16777215,2020/5/9,0,5c478fe9,3.52E+16,全文背诵
338.34,5,25,15138834,2020/5/9,0,60ab8c1f,3.52E+16,那为什么交大啊
337.149,1,25,16777215,2020/5/9,0,e1311600,3.52E+16,？？？
339.886,1,25,16777215,2020/5/9,0,9fbdfba2,3.52E+16,？？？？？？？
338.651,1,25,16777215,2020/5/9,0,5ea1ac39,3.52E+16,??????????????????????????????????????
112.059,1,25,16777215,2020/5/9,0,2062997c,3.52E+16,傲视天鹰
57.617,1,25,16777215,2020/5/9,0,ab0e48,3.52E+16,致命节奏？？？？
333.417,1,25,16777215,2020/5/9,0,c5fc9600,3.52E+16,？？？？？？？
344.02,1,25,16777215,2020/5/9,0,754dd6f5,3.52E+16,？？？？
331.3,1,25,16777215,2020/5/9,0,9bfd74a5,3.52E+16,？
114.856,1,25,16707842,2020/5/9,0,c148f39f,3.52E+16,睾手
477.9,1,25,16777215,2020/5/9,0,cf5b8ec1,3.52E+16,太可爱了，想养
57.801,1,25,16777215,2020/5/9,0,88d56b42,3.52E+16,。。
552.673,1,25,16777215,2020/5/9,0,1ccbb932,3.52E+16,gsdhxd
256.568,1,25,16777215,2020/5/9,0,1612d723,3.52E+16,三玖会不会嫁给我
372.637,1,25,16777215,2020/5/9,0,9a4e85ef,3.52E+16,泪目
371.95,1,25,16777215,2020/5/9,0,9a4e85ef,3.52E+16,泪目
245.676,1,25,16777215,2020/5/9,0,26c8aaa4,3.52E+16,是的
252.302,1,25,16777215,2020/5/9,0,26c8aaa4,3.52E+16,好老
257.901,1,25,16777215,2020/5/9,0,26c8aaa4,3.52E+16,哈哈哈哈哈
337.19,1,25,16777215,2020/5/9,0,aaaa72a6,3.52E+16,？？？
383.91,1,25,16777215,2020/5/9,0,b1eaa1bd,3.52E+16,老曹操了
51.016,1,25,16777215,2020/5/9,0,a77ef776,3.52E+16,马老师这波是什么
308.916,1,25,16777215,2020/5/9,0,a77ef776,3.52E+16,糕手
543.976,1,25,16777215,2020/5/9,0,a77ef776,3.52E+16,笑死了
113.276,1,25,16777215,2020/5/9,0,80bb0fa9,3.52E+16,强行谐音就很尬
264.061,1,25,16777215,2020/5/9,0,88a7ed94,3.52E+16,要老婆的不行
12.121,1,25,16777215,2020/5/9,0,b717c526,3.52E+16,已经开始笑了
39.393,1,25,16777215,2020/5/9,0,b717c526,3.52E+16,笑死了
300.278,5,25,38979,2020/5/9,0,b5d60c51,3.52E+16,谢谢你赛文
21.49,1,25,15138834,2020/5/9,0,c36a15ec,3.53E+16,标妈谱
31.471,1,25,15138834,2020/5/9,0,c36a15ec,3.53E+16,起飞
119.037,1,25,16777215,2020/5/9,0,165fdb3a,3.53E+16,盆    栽    世    纪
88.724,1,25,16777215,2020/5/9,0,42459ac8,3.53E+16,棕司菊
109.553,1,25,16777215,2020/5/9,0,dcdcf212,3.53E+16,睾手
332.114,1,25,16777215,2020/5/9,0,4514880e,3.53E+16,？？？？？？？？？？？
27.259,1,25,16777215,2020/5/9,0,2f1ab75f,3.53E+16,飞
339.506,1,25,16777215,2020/5/9,0,92cb5e49,3.53E+16,?
92.02,1,25,16777215,2020/5/9,0,9baeec26,3.53E+16,粽湿菊
109.399,1,25,16777215,2020/5/9,0,9baeec26,3.53E+16,熬食
172.959,1,25,15772458,2020/5/9,0,9baeec26,3.53E+16,战术起立
252.159,1,25,15772458,2020/5/9,0,9baeec26,3.53E+16,呐呐呐呐呐呐呐呐呐呐呐呐呐呐呐呐呐呐呐呐呐呐呐呐呐呐呐呐呐呐呐呐呐呐呐呐呐呐呐呐呐呐呐呐呐呐呐呐
301.44,1,25,15772458,2020/5/9,0,9baeec26,3.53E+16,老三国杀了
421.34,1,25,16777215,2020/5/9,0,3e8692e4,3.53E+16,老王者了
412.333,1,25,15772458,2020/5/9,0,9baeec26,3.53E+16,芜锁胃
434.053,1,25,15772458,2020/5/9,0,9baeec26,3.53E+16,听君一席话 胜吃十口饭
506.553,1,25,15772458,2020/5/9,0,9baeec26,3.53E+16,他不怕我队友的吗
554.053,1,25,15772458,2020/5/9,0,9baeec26,3.53E+16,不要笑
98.045,5,25,9599289,2020/5/9,0,36c7f143,3.53E+16,睾手
333.439,1,25,16777215,2020/5/9,0,37ecf879,3.53E+16,？？？？？？
275.098,1,25,16777215,2020/5/9,0,28703a95,3.53E+16,这把超神个屁
330.699,1,25,16777215,2020/5/9,0,19ae2343,3.53E+16,？
76.23,1,25,16777215,2020/5/9,0,ba7a1ab9,3.53E+16,不是，这致命节奏我白银看不懂啊
53.16,1,25,16777215,2020/5/9,0,5374c507,3.53E+16,马老师  肉蛋葱鸡是哪钵？
333.923,1,25,16777215,2020/5/9,0,f263f13a,3.53E+16,？？？？？
339.485,1,25,16777215,2020/5/9,0,f263f13a,3.53E+16,脑瘫
208.915,1,25,16777215,2020/5/9,0,9e98815c,3.53E+16,这把酒桶真绝了
4.94,1,25,16777215,2020/5/9,0,21bba388,3.53E+16,阿克曼你在淦神魔
10.899,1,25,16777215,2020/5/9,0,2db2e49d,3.53E+16,朗读者
215.486,5,25,16707842,2020/5/9,0,2db2e49d,3.53E+16,《马说》
19.355,1,25,16777215,2020/5/9,0,1b656b7e,3.53E+16,下饭下饭下饭下饭下饭下饭
171.049,1,25,16777215,2020/5/9,0,4e93bd4f,3.53E+16,哈哈
111.02,1,25,16777215,2020/5/9,0,ddc5d22e,3.53E+16,奥司奥司
234.94,5,25,16777215,2020/5/9,0,ddc5d22e,3.53E+16,投罚球
205.268,1,25,16777215,2020/5/9,0,a3a90555,3.53E+16,你会——嗝
65.192,1,25,16777215,2020/5/9,0,1196993,3.53E+16,合影
31.024,1,25,16777215,2020/5/9,0,4b76ae85,3.53E+16,下饭可还行
239.831,1,25,16777215,2020/5/9,0,4b76ae85,3.53E+16,完全不会
210.931,1,25,16777215,2020/5/9,0,cd916077,3.54E+16,高考解读
442.238,5,25,15138834,2020/5/9,0,acae2c8d,3.54E+16,一刀
548.11,1,25,16777215,2020/5/9,0,777e74bf,3.54E+16,这射手是真的菜
332.605,1,25,16777215,2020/5/9,0,dd6a6095,3.54E+16,？
170.756,5,25,15138834,2020/5/9,0,99b304eb,3.54E+16,身直气壮
196.219,1,25,16777215,2020/5/9,0,5c823ae9,3.54E+16,白银青铜钻石
332.989,1,25,16777215,2020/5/9,0,1506767c,3.54E+16,？
330.577,1,25,16777215,2020/5/9,0,9aa74f50,3.54E+16,？？？？
78.724,1,25,16777215,2020/5/9,0,61203642,3.54E+16,肉蛋葱鸡
172.927,1,25,16777215,2020/5/9,0,61203642,3.54E+16,理直气壮
117.27,1,25,16777215,2020/5/9,0,e862705b,3.54E+16,双线操作
46.459,1,25,16777215,2020/5/9,0,7886a421,3.54E+16,准备！
429.572,1,25,16777215,2020/5/9,0,bf60b316,3.54E+16,大司马原来确实是王者
537.849,1,25,16777215,2020/5/9,0,1415a31a,3.54E+16,四大皆空
162.443,1,25,16777215,2020/5/9,0,bef51065,3.54E+16,你这波是什么金身？马老师
6.22,1,25,16777215,2020/5/9,0,f91544b5,3.54E+16,我的是青钢影
349.953,1,25,16777215,2020/5/9,0,a8105c75,3.54E+16,墨菲特：？？？
538.181,1,25,16777215,2020/5/9,0,a532f84b,3.54E+16,好！崩！撤！卖！溜！
169.585,1,25,16777215,2020/5/9,0,9fcc59a8,3.54E+16,拖，就硬拖
450.044,1,25,16777215,2020/5/9,0,b2fc1fbc,3.54E+16,35人在吃午饭就NM的离谱
319.806,5,25,16777215,2020/5/9,0,fd1b00f0,3.54E+16,他浪费时间一直可以的
329.709,5,25,16777215,2020/5/9,0,fd1b00f0,3.54E+16,？？？？？？？？？？？？？？？
102.526,1,25,16777215,2020/5/9,0,8d3c4df8,3.54E+16,糕手
118.839,1,25,16777215,2020/5/9,0,39a581c4,3.54E+16,马老师，遇强则强，遇菜则菜？
60.519,1,25,16777215,2020/5/9,0,50aea067,3.54E+16,QAQ画质感人
62.919,1,25,16777215,2020/5/9,0,50aea067,3.54E+16,这画质
171.879,1,25,16777215,2020/5/9,0,50aea067,3.54E+16,？？？
428.41,5,25,16777215,2020/5/9,0,fd1b00f0,3.54E+16,听君一席话，胜独十连输
56.797,5,25,11890,2020/5/9,0,fe5ff559,3.54E+16,马老师，这钵是什么？
23.625,1,25,16777215,2020/5/9,0,c35dab2e,3.54E+16,飞飞飞飞飞飞飞飞飞飞飞飞飞飞飞飞飞飞飞飞飞飞飞飞飞飞飞飞飞飞飞飞飞飞飞飞飞飞飞飞飞飞飞飞飞飞飞飞飞飞飞飞飞飞飞飞
338.77,1,25,16777215,2020/5/9,0,e4f1cb37,3.54E+16,？？？？？？？
155.777,1,25,16777215,2020/5/9,0,533bdce0,3.54E+16,经典吸血队友
350.57,1,25,16777215,2020/5/9,0,868a2aa9,3.54E+16,？？？？？？？？？？？？？？
91.076,1,25,38979,2020/5/9,0,9ed497c2,3.54E+16,棕尸局
175.744,1,25,16777215,2020/5/9,0,16ad0121,3.54E+16,？？？？？
171.88,5,25,15138834,2020/5/9,0,d32c31a1,3.54E+16,喝水壮胆
174.8,5,25,15138834,2020/5/9,0,d32c31a1,3.54E+16,喝水解气
285.864,5,25,15138834,2020/5/9,0,d32c31a1,3.54E+16,芜台
376.296,1,25,16777215,2020/5/9,0,9092b202,3.54E+16,老王者模式了
69.169,1,25,16777215,2020/5/9,0,38265257,3.54E+16,致命节奏酒桶？
278.668,1,25,16777215,2020/5/9,0,ed0cf95b,3.55E+16,疯狂钓
530.986,1,25,16777215,2020/5/9,0,7b0eeac8,3.55E+16,下路准备崩 撤 卖
448.989,1,25,16777215,2020/5/9,0,64075613,3.55E+16,他刮痧一直可以的
248.403,1,25,16777215,2020/5/9,0,941d6a18,3.55E+16,会啊
20.24,1,25,16777215,2020/5/9,0,6c926a56,3.55E+16,传世经典
16.559,1,25,16777215,2020/5/9,0,7c1f5278,3.55E+16,经典老番
269.62,1,25,16777215,2020/5/9,0,7c1f5278,3.55E+16,这把真超神了
303.753,1,25,16777215,2020/5/9,0,f0828343,3.55E+16,《亡者》
190.353,1,25,16777215,2020/5/9,0,add9cb41,3.55E+16,赛文眼镜
417.653,1,25,16777215,2020/5/9,0,d27be008,3.55E+16,很不负责任的
384.04,1,25,16777215,2020/5/9,0,ccb9d389,3.55E+16,老曹贼了
376.142,1,25,16777215,2020/5/9,0,9c7155a6,3.55E+16,下盘一定
424.822,1,25,16777215,2020/5/9,0,bf323d06,3.55E+16,失去的那三年
371.373,1,25,16777215,2020/5/9,0,a7ff5787,3.55E+16,智慧型墨菲特：巴菲特
31.681,5,25,15138834,2020/5/9,0,154feeae,3.55E+16,上路有点小炒
337.589,1,25,16777215,2020/5/9,0,78c50878,3.55E+16,？？？？？？？？？？？？？？？？？？？？/
6.986,1,25,16777215,2020/5/9,0,46333fe9,3.55E+16,全文背诵
61.015,5,25,16646914,2020/5/9,0,7ef22a13,3.55E+16,【肉蛋葱鸡】
196.175,5,25,16646914,2020/5/9,0,7ef22a13,3.55E+16,【千层饼】
293.544,1,25,16777215,2020/5/9,0,1231c3d6,3.55E+16,这把没超神
335.68,1,25,16777215,2020/5/9,0,66b71f18,3.55E+16,说明你们还有得救？？？？？？？
516.158,1,25,16777215,2020/5/9,0,ea06be7a,3.55E+16,哈哈哈哈
314.577,1,25,16777215,2020/5/9,0,88285d6d,3.55E+16,这局全是经典
17.58,1,25,16777215,2020/5/9,0,65efb2d3,3.55E+16,北故砸到此一游
284.518,1,25,16777215,2020/5/9,0,5ba43b08,3.55E+16,概念超神
333.858,1,25,16777215,2020/5/9,0,2a49b729,3.55E+16,？？？？？？？？？？？？？？？？？？
342.202,1,25,16777215,2020/5/9,0,2a49b729,3.55E+16,？？？？？？？
320.3,1,25,16777215,2020/5/9,0,d47849b3,3.55E+16,又是啤酒人
341.117,1,25,16777215,2020/5/9,0,5315eda8,3.55E+16,？？？？？？？？？？？？？？？？？？？？？？？？？？？？？？？？？？？？？？？
350.916,1,25,16646914,2020/5/9,0,5315eda8,3.55E+16,？？？？？？？？？？？？？？？？？？？？？？？？？？？？？？？？
59.888,5,25,16777215,2020/5/9,0,6ba549de,3.55E+16,马老师，这钵是什么？
74.01,1,25,10546688,2020/5/9,0,5249c4ec,3.55E+16,肉蛋葱鸡
108.352,1,25,10546688,2020/5/9,0,5249c4ec,3.55E+16,id？？？？
213.95,1,25,10546688,2020/5/9,0,5249c4ec,3.55E+16,哈哈哈哈
269.776,1,25,10546688,2020/5/9,0,5249c4ec,3.55E+16,还真的超神了
333.629,1,25,10546688,2020/5/9,0,5249c4ec,3.55E+16,？？？？？？
542.716,1,25,10546688,2020/5/9,0,5249c4ec,3.55E+16,四项基本原则
42.72,1,25,16777215,2020/5/9,0,9c5ebb24,3.55E+16,马老师，这钵是什么啊
53.739,1,25,16777215,2020/5/9,0,9c5ebb24,3.55E+16,马老师，这钵是什么啊？
279.14,1,25,15772458,2020/5/9,0,3c78cf75,3.55E+16,这把真超神了 最后连基地的激光塔都给拆了
314.013,1,25,16777215,2020/5/9,0,6052556e,3.55E+16,睾手
6.5,1,25,16777215,2020/5/9,0,1c897f0a,3.55E+16,我黑切呢
333.898,1,25,16777215,2020/5/9,0,7fe897c3,3.55E+16,？？？？？
339.558,1,25,16777215,2020/5/9,0,7fe897c3,3.55E+16,？？？？？？？？？？？
58.222,1,25,16777215,2020/5/9,0,3c87add,3.56E+16,马老师，这钵是什么
332.009,1,25,16777215,2020/5/9,0,6edb442a,3.56E+16,？？？
382.209,1,25,41194,2020/5/9,0,6edb442a,3.56E+16,老孟德了
339.434,1,25,16777215,2020/5/9,0,5d7c8ec,3.56E+16,？？？
373.12,1,25,16777215,2020/5/9,0,b1310f0e,3.56E+16,亡者
496.138,1,25,16777215,2020/5/9,0,60d6305f,3.56E+16,high还好还好哈哈哈哈哈哈
332.27,1,25,16777215,2020/5/9,0,32d874bf,3.56E+16,？
55.829,4,25,16777215,2020/5/9,0,305bfe92,3.56E+16,马老师这波是什么
121.535,1,25,16777215,2020/5/9,0,10bfcb96,3.56E+16,丹娜
241.779,1,25,16777215,2020/5/9,0,eb7f140f,3.56E+16,邪键仙
396.26,1,25,15138834,2020/5/9,0,eb7f140f,3.56E+16,老特郎普了
458.5,1,25,15138834,2020/5/9,0,eb7f140f,3.56E+16,这波在地下五层
544.839,1,25,15138834,2020/5/9,0,eb7f140f,3.56E+16,饮水机时期病情最严重
15.951,1,25,16777215,2020/5/9,0,97613362,3.56E+16,肉蛋葱鸡
103.487,1,25,16777215,2020/5/9,0,1e7271ba,3.56E+16,皋手
76.436,1,25,16777215,2020/5/9,0,42b5b315,3.56E+16,小病已经挡不到我了
238.636,1,25,16777215,2020/5/9,0,45cd7590,3.56E+16,太特么经典的套鸟了
16.186,1,25,16777215,2020/5/9,0,cae99fe0,3.56E+16,马老师保佑我中考顺利！事成必来还愿
6.719,1,25,16777215,2020/5/9,0,e0ea4a8c,3.56E+16,他起飞一直可以的
16.788,1,25,16777215,2020/5/9,0,e0ea4a8c,3.56E+16,老千层饼了
49.544,1,25,16777215,2020/5/9,0,e0ea4a8c,3.56E+16,这波是—肉蛋葱鸡
190.098,1,25,16777215,2020/5/9,0,e0ea4a8c,3.56E+16,老千层饼了
217.552,1,25,16777215,2020/5/9,0,e0ea4a8c,3.56E+16,哲理
245.05,1,25,16777215,2020/5/9,0,e0ea4a8c,3.56E+16,会
262.05,1,25,16777215,2020/5/9,0,e0ea4a8c,3.56E+16,超鬼
313.047,1,25,16777215,2020/5/9,0,e0ea4a8c,3.56E+16,亡者
333.045,1,25,16777215,2020/5/9,0,e0ea4a8c,3.56E+16,？？？？？？？
346.431,1,25,16777215,2020/5/9,0,e0ea4a8c,3.56E+16,自信点把墨菲特去掉
369.393,1,25,16777215,2020/5/9,0,e0ea4a8c,3.56E+16,亡者
380.564,1,25,16777215,2020/5/9,0,e0ea4a8c,3.56E+16,老曹操了
419.049,1,25,16777215,2020/5/9,0,e0ea4a8c,3.56E+16,七年亡者
447.453,1,25,16777215,2020/5/9,0,e0ea4a8c,3.56E+16,亿刀
486.45,1,25,16777215,2020/5/9,0,e0ea4a8c,3.56E+16,点，就硬点
522.815,1,25,16777215,2020/5/9,0,e0ea4a8c,3.56E+16,传世之作
537.042,1,25,16777215,2020/5/9,0,e0ea4a8c,3.56E+16,崩撤卖溜
282.738,1,25,16777215,2020/5/9,0,791a915a,3.56E+16,炒参
343.463,1,25,16777215,2020/5/9,0,6ce8b479,3.56E+16,、、？？？？？？？？？？？？？？？
331.54,1,25,16777215,2020/5/9,0,cf2ce58a,3.56E+16,？？？
38.022,1,25,15138834,2020/5/9,0,8d7a8f52,3.56E+16,0.5倍看的是手判定到了
339.243,1,25,16777215,2020/5/9,0,48ad6640,3.56E+16,？？？？
362.231,1,25,16777215,2020/5/9,0,48ad6640,3.56E+16,德鲁伊
233.099,1,25,16777215,2020/5/9,0,151926fa,3.56E+16,这狮子狗也够下饭
335.768,1,25,16777215,2020/5/9,0,4e9fd5a,3.56E+16,？？？？？？？？？？？？？？
188.844,1,25,16777215,2020/5/9,0,4d1c5042,3.56E+16,层层恐惧
262.481,1,25,16777215,2020/5/9,0,f35a15b4,3.56E+16,后面超神了
168.285,1,25,16777215,2020/5/9,0,fd1b00f0,3.56E+16,妖姬补了个Q，怎么走？
334.252,5,25,16777215,2020/5/9,0,fd1b00f0,3.56E+16,这局啊，这局是传世经典
351.671,5,25,16777215,2020/5/9,0,fd1b00f0,3.56E+16,自信点，把的一去掉
4.37,1,25,16777215,2020/5/9,0,ad2730b4,3.56E+16,阿克曼你在赣神魔？？
36.823,1,25,16777215,2020/5/9,0,ad2730b4,3.56E+16,肉蛋充饥
57.991,1,25,16777215,2020/5/9,0,ad2730b4,3.56E+16,马老师，这钵是什么啊
166.906,1,25,16777215,2020/5/9,0,ad2730b4,3.56E+16,拖，就硬拖
199.679,1,25,16777215,2020/5/9,0,ad2730b4,3.56E+16,全文背诵
240.325,1,25,16777215,2020/5/9,0,ad2730b4,3.56E+16,不会不会
286.704,1,25,16777215,2020/5/9,0,ad2730b4,3.56E+16,起飞
325.711,1,25,16777215,2020/5/9,0,ad2730b4,3.56E+16,哈哈哈哈哈哈
329.614,1,25,16777215,2020/5/9,0,ad2730b4,3.56E+16,？？？
345.163,1,25,16777215,2020/5/9,0,ad2730b4,3.56E+16,聪明墨菲特
534.603,1,25,16777215,2020/5/9,0,ad2730b4,3.56E+16, 崩 撤 卖 溜
545.247,1,25,16777215,2020/5/9,0,ad2730b4,3.56E+16,哈哈哈哈哈哈
333.881,1,25,16777215,2020/5/9,0,f835ed9b,3.56E+16,???????????????????????????????????????????????
330.849,1,25,16777215,2020/5/9,0,cde7a4fa,3.56E+16,？？？？？？？？
280.11,1,25,16777215,2020/5/9,0,eb4cb4a,3.56E+16,++++++++++++++++++++++++++++++++++++++++++++++
208.502,5,25,15138834,2020/5/9,0,1b3b8a0f,3.56E+16,luc局
330.242,5,25,15138834,2020/5/9,0,1b3b8a0f,3.56E+16,
403.742,5,25,15138834,2020/5/9,0,1b3b8a0f,3.56E+16,又是这局？
336.549,1,25,16777215,2020/5/9,0,1f77cddc,3.56E+16,？？？？？？？？？？？？？？？
309.13,1,25,16777215,2020/5/9,0,870e4458,3.56E+16,啤酒人就很舒服。
331.463,1,25,16777215,2020/5/9,0,1dfc2462,3.56E+16,?
101.422,1,25,16777215,2020/5/9,0,f5e32fa9,3.56E+16,肉蛋葱鸡
200.552,1,25,16777215,2020/5/9,0,6a17ee52,3.56E+16,0递pro.jnn
333.047,1,25,16777215,2020/5/9,0,be8113bd,3.56E+16,?
61.906,1,25,16777215,2020/5/9,0,61120d38,3.56E+16,蛋皮谈
100.009,1,25,16777215,2020/5/9,0,c17db52,3.56E+16,谁那借的号
358.033,1,25,16777215,2020/5/9,0,4134ef2b,3.56E+16,这些菜
231.955,1,25,16777215,2020/5/9,0,628dcf15,3.56E+16,大司大司大司大司大司大司大司大司大司大司大司大司
242.581,1,25,16777215,2020/5/9,0,628dcf15,3.56E+16,大司大司大司大司大司大司大司大司大司大司大司大司大司
43.621,1,25,16777215,2020/5/9,0,8017bb70,3.56E+16,合影
196.617,1,25,16777215,2020/5/9,0,bb84d6f1,3.56E+16,全文背诵
508.178,1,25,16777215,2020/5/9,0,8017bb70,3.56E+16,经典咬牙切齿
397.14,1,25,16777215,2020/5/9,0,13a87343,3.56E+16,又你马是啤酒人我不行了哈哈哈哈哈哈哈哈哈哈哈哈哈哈
116.415,1,25,16777215,2020/5/9,0,8b81338a,3.56E+16,睾手
173.92,1,25,16777215,2020/5/9,0,8b81338a,3.56E+16,哈哈哈哈哈哈哈
380.968,1,25,16777215,2020/5/9,0,8b81338a,3.57E+16,发病模式来了
90.58,1,25,16777215,2020/5/9,0,682c6a56,3.57E+16,我，卢本伟
322.205,1,25,16777215,2020/5/9,0,bb88c6b3,3.57E+16,后仰跳投
417.325,1,25,16777215,2020/5/9,0,bb88c6b3,3.57E+16,等一手崩撤卖溜
336.633,1,25,15138834,2020/5/9,0,cdd9ce93,3.57E+16,？？？
329.885,1,25,16777215,2020/5/9,0,fd1b00f0,3.57E+16,？？？？？？？
71.36,1,25,16777215,2020/5/9,0,5fdef951,3.57E+16,哈哈哈哈
77.113,1,25,16777215,2020/5/9,0,ff9677a4,3.57E+16,确实
354.086,1,25,15138834,2020/5/9,0,d969b065,3.57E+16,我认为我肉弹冲击无懈可击
408.085,5,25,15138834,2020/5/9,0,a88bd3f,3.57E+16,老赛文了
441.485,5,25,16707842,2020/5/9,0,a88bd3f,3.57E+16,亿刀
221.828,1,25,16777215,2020/5/9,0,19935f3e,3.57E+16,有情铁手
53.718,5,25,16646914,2020/5/9,0,b28e968e,3.57E+16,马老师这波是什么啊？
242.426,1,25,16777215,2020/5/9,0,79fb843,3.57E+16,哈哈哈哈
29.385,5,25,9033215,2020/5/9,0,5942851b,3.57E+16,经典发病棉袄
364.602,1,25,16777215,2020/5/9,0,95876374,3.57E+16,skr
153.838,1,25,16777215,2020/5/9,0,fef56a5e,3.57E+16,？
336.305,1,25,16777215,2020/5/9,0,f0e17fe1,3.57E+16,？？？？？？？？
335.82,1,25,16777215,2020/5/9,0,3027cd4f,3.57E+16,？？？
353.4,1,25,16777215,2020/5/9,0,bece8b13,3.57E+16,？？？？？？？？？？？
366.341,1,25,16777215,2020/5/9,0,bece8b13,3.57E+16,下一盘就会开启王者模式
339.829,1,25,16777215,2020/5/9,0,1fea5edc,3.57E+16,
115.411,1,25,16777215,2020/5/9,0,e49fc36c,3.57E+16,熬蛳
545.621,1,25,16777215,2020/5/9,0,b26dd598,3.57E+16,队友笑死了
333.856,1,25,16777215,2020/5/9,0,4db6eb1e,3.57E+16,？？？
443.36,1,25,15138834,2020/5/9,0,f7eb417c,3.57E+16,亿刀
337.08,1,25,16777215,2020/5/9,0,faf8222b,3.57E+16,？？？？？？？
337.295,1,25,16777215,2020/5/9,0,cc778eb0,3.57E+16,？
23.23,1,25,16777215,2020/5/9,0,1.50E+57,3.57E+16,眨眼补帧
220.199,1,25,16777215,2020/5/9,0,40f72203,3.57E+16,金刚经？
234.763,1,25,16777215,2020/5/9,0,b997586,3.57E+16,投罚球
331.008,1,25,16777215,2020/5/9,0,44a3f63c,3.57E+16,？？？？？？？？？？？？？？？？？？
329.777,1,25,16777215,2020/5/9,0,fd1b00f0,3.57E+16,？？？？？？？？
262.692,1,25,16777215,2020/5/9,0,5c10d9c9,3.57E+16,超鬼了
275.235,1,25,16777215,2020/5/9,0,5c10d9c9,3.57E+16,老马孝子了
81.069,1,25,16777215,2020/5/9,0,453cbcd6,3.57E+16,驴野刀
271.484,1,25,16777215,2020/5/9,0,2853b87,3.57E+16,老EZ了
519.795,1,25,16777215,2020/5/9,0,82607639,3.58E+16,nice，我点燃都没放
532.46,1,25,16777215,2020/5/9,0,82607639,3.58E+16,经典
532.482,1,25,16777215,2020/5/9,0,82607639,3.58E+16,收到收到
58.019,1,25,16777215,2020/5/9,0,3d9d4e3b,3.58E+16,合影
330.764,1,25,16777215,2020/5/9,0,45def66b,3.58E+16,？
59.691,1,25,16777215,2020/5/9,0,7c23e2a8,3.58E+16,この波は肉の卵ネギのニワトリです
227.869,1,25,16777215,2020/5/9,0,7c23e2a8,3.58E+16,吸血怎么说
88.81,1,25,16777215,2020/5/9,0,1f4afaa0,3.58E+16,得得得得得
84.34,1,25,16777215,2020/5/9,0,71ba9f4e,3.58E+16,能能能能能能能能能能能能能能能能能能能能能能能能能
75.48,1,25,16777215,2020/5/9,0,29b5248f,3.58E+16,确实
363.642,1,25,16777215,2020/5/9,0,29b5248f,3.58E+16,skr
520.668,1,25,16777215,2020/5/9,0,8f7bad,3.58E+16,说什么成分的家里出事了
332.51,1,25,16777215,2020/5/9,0,c4351a26,3.58E+16,？？？？？
75.245,1,25,16777215,2020/5/9,0,6711be47,3.58E+16,.
271.34,5,25,16777215,2020/5/9,0,fa6d159e,3.58E+16,后面还真的超神了
47.593,5,25,16777215,2020/5/9,0,e9c1c8b2,3.58E+16,马老师，这钵是什么？
